recovery_deficit_m,exposed_area_m2,deficit_x_exposed,target
0.8,3.46,2.76,0
2.69,9.96,26.84,0
4.16,14.47,60.17,0
0.46,1.37,0.63,1
1.61,5.25,8.43,1
5.91,22.66,133.82,0
2.13,8.36,17.81,0
3.61,12.38,44.65,0
3.11,12.43,38.7,0
1.47,4.68,6.87,0
0.1,1.63,0.16,1
0.1,0.5,0.05,1
3.25,11.34,36.82,1
2.38,8.15,19.43,1
0.71,2.98,2.11,1
1.63,5.86,9.53,0
3.49,13.2,46.14,0
0.63,3.67,2.29,0
3.69,13.45,49.59,1
2.49,9.49,23.59,0
1.34,6.21,8.3,1
1.91,7.47,14.27,1
1.58,4.71,7.42,0
0.48,2.23,1.07,1
0.83,2.23,1.86,1
3.19,13.26,42.37,1
0.29,0.5,0.14,1
0.3,3.52,1.06,1
3.06,12.8,39.17,0
2.03,7.09,14.41,0
0.71,2.71,1.92,0
2.24,9.12,20.43,0
2.44,9.92,24.24,0
3.33,13.0,43.24,1
0.78,3.96,3.09,1
0.1,0.5,0.05,0
3.23,11.99,38.78,1
2.67,9.85,26.27,1
3.07,12.35,37.89,0
3.83,14.84,56.82,1
1.1,4.4,4.81,1
0.67,3.18,2.12,0
0.75,1.22,0.92,1
1.28,5.11,6.54,1
2.56,9.9,25.32,1
0.1,1.72,0.17,0
4.32,15.18,65.5,0
0.72,3.99,2.89,0
0.89,3.43,3.05,1
4.09,15.95,65.32,0
3.28,13.8,45.27,1
3.6,14.11,50.75,1
0.78,3.28,2.56,1
0.1,0.57,0.06,1
1.61,5.74,9.26,0
0.82,3.1,2.55,1
0.61,1.76,1.08,0
1.38,5.19,7.15,0
1.18,2.62,3.1,1
4.14,16.08,66.56,1
3.86,14.56,56.19,1
0.83,2.87,2.37,0
1.11,4.38,4.86,0
1.67,5.2,8.7,0
3.78,15.89,59.98,1
1.14,4.26,4.87,0
3.57,13.45,48.05,0
0.25,0.5,0.13,1
1.54,5.89,9.1,1
3.74,15.33,57.36,1
4.49,17.91,80.49,1
3.77,14.99,56.45,1
3.59,14.06,50.42,0
3.78,14.06,53.09,1
0.1,0.5,0.05,1
4.53,17.05,77.21,0
0.1,0.5,0.05,0
0.98,4.56,4.48,1
1.14,4.57,5.19,1
0.1,1.67,0.17,1
1.01,4.8,4.86,1
3.29,12.15,40.0,1
5.09,17.91,91.18,0
0.1,1.49,0.15,0
0.1,1.47,0.15,1
0.1,0.5,0.05,0
2.07,9.06,18.72,1
1.33,5.37,7.14,0
3.54,13.57,48.02,1
2.96,12.52,37.01,0
4.24,17.18,72.84,0
3.54,13.96,49.39,1
0.1,0.76,0.08,0
1.57,6.46,10.13,1
0.1,0.5,0.05,0
2.86,10.84,31.06,1
1.52,5.05,7.67,1
0.1,0.5,0.05,1
3.15,11.68,36.83,1
1.31,4.46,5.82,1
0.1,0.5,0.05,1
3.83,14.3,54.8,1
0.96,4.06,3.91,1
1.23,3.37,4.15,0
3.09,11.63,35.9,1
3.31,12.69,42.02,1
1.2,4.33,5.21,1
0.57,2.03,1.16,0
1.2,3.3,3.97,1
1.07,4.35,4.66,1
0.1,0.9,0.09,0
1.34,5.48,7.35,1
0.32,2.06,0.67,0
0.84,3.34,2.79,1
3.82,14.91,57.0,0
0.92,3.62,3.34,1
3.14,12.47,39.1,1
3.73,12.92,48.23,0
0.46,1.02,0.47,0
3.9,16.09,62.77,0
1.72,4.55,7.82,1
0.1,0.5,0.05,0
4.01,16.18,64.9,1
2.89,10.9,31.51,1
0.68,2.28,1.56,1
1.63,6.28,10.22,1
0.5,1.63,0.82,0
2.47,9.42,23.31,0
4.69,17.27,81.02,1
2.25,9.43,21.21,0
5.08,20.44,103.84,0
1.38,5.13,7.06,1
3.18,10.96,34.79,0
3.64,13.41,48.81,1
0.43,1.5,0.65,1
4.82,18.72,90.23,0
1.69,5.6,9.45,1
0.17,0.5,0.09,0
0.18,1.08,0.19,1
0.16,1.35,0.21,0
0.99,3.27,3.24,0
2.47,8.33,20.6,1
0.1,3.01,0.3,1
0.87,3.95,3.45,1
3.25,12.15,39.54,1
0.76,3.59,2.74,1
2.66,9.99,26.53,1
0.57,2.87,1.64,1
4.21,16.12,67.85,1
3.27,12.49,40.84,1
0.55,2.0,1.1,1
3.29,11.34,37.29,1
0.23,2.42,0.55,0
3.24,11.57,37.52,1
0.87,2.21,1.91,1
0.21,0.64,0.14,1
4.75,17.27,81.95,1
1.59,6.0,9.54,1
2.97,11.85,35.23,1
1.16,5.21,6.06,0
0.36,2.02,0.73,1
1.66,6.08,10.13,1
4.21,16.05,67.63,1
0.92,3.83,3.53,0
4.29,14.88,63.76,0
0.97,4.12,3.98,1
1.13,3.12,3.53,1
1.06,5.66,5.99,0
5.15,19.25,99.19,1
0.65,2.32,1.5,0
1.74,6.01,10.49,0
0.1,0.5,0.05,0
2.12,9.87,20.92,0
1.84,7.73,14.2,1
1.16,3.17,3.68,1
0.83,4.36,3.62,1
4.01,16.17,64.78,1
1.18,4.26,5.04,0
3.94,15.23,60.08,1
1.89,7.16,13.52,1
1.35,6.71,9.06,1
2.81,10.03,28.16,1
1.57,6.09,9.57,1
1.09,3.81,4.17,0
0.1,0.5,0.05,0
4.24,17.85,75.6,0
0.49,0.91,0.45,0
0.1,0.56,0.06,0
0.76,1.5,1.14,1
4.04,15.05,60.86,1
1.07,4.41,4.72,0
1.14,3.68,4.21,1
3.24,12.76,41.3,1
0.1,0.5,0.05,1
1.17,5.37,6.28,1
0.1,1.47,0.15,1
3.4,12.44,42.24,1
1.56,6.0,9.36,0
1.12,4.42,4.96,1
0.59,2.75,1.63,1
1.24,4.74,5.89,1
1.62,6.32,10.27,1
4.93,18.55,91.52,0
3.77,14.42,54.4,0
2.2,9.39,20.66,0
1.32,5.55,7.35,1
0.81,3.62,2.92,0
3.96,15.61,61.74,1
1.46,5.41,7.88,0
3.19,12.38,39.51,1
1.78,5.89,10.47,0
4.95,19.84,98.3,0
1.03,1.69,1.75,0
1.66,6.24,10.36,1
3.02,12.4,37.51,1
4.3,15.26,65.68,1
2.84,11.12,31.58,1
0.71,2.14,1.51,1
1.51,5.43,8.17,1
0.68,3.35,2.29,0
2.03,7.86,15.92,1
2.4,7.5,18.03,1
1.47,4.82,7.11,0
2.95,12.01,35.49,0
1.06,4.39,4.66,0
4.34,17.87,77.49,0
0.83,4.48,3.7,1
2.72,10.06,27.35,1
0.96,5.67,5.46,0
0.27,1.05,0.29,0
2.86,10.09,28.83,1
3.54,12.93,45.74,1
0.1,0.5,0.05,0
0.54,3.34,1.8,1
4.01,16.5,66.14,1
3.7,13.26,49.11,1
0.1,0.5,0.05,0
4.12,15.75,64.96,1
3.49,12.48,43.48,1
1.44,4.07,5.87,1
2.83,10.6,30.02,1
4.0,14.96,59.9,1
3.95,14.71,58.12,1
3.5,13.46,47.07,1
3.52,14.52,51.11,1
1.42,5.14,7.28,0
0.61,2.45,1.5,1
2.29,9.28,21.24,1
4.91,19.09,93.64,0
0.46,1.26,0.58,0
2.65,10.13,26.8,1
5.92,22.92,135.64,1
1.35,4.22,5.7,0
0.26,2.01,0.53,1
0.1,1.53,0.15,0
0.1,0.5,0.05,1
0.81,3.22,2.6,0
4.67,18.25,85.16,1
0.98,3.28,3.2,1
0.31,1.56,0.48,0
0.1,0.51,0.05,1
0.1,0.5,0.05,0
0.1,0.75,0.07,0
0.39,0.6,0.24,1
1.15,5.12,5.88,0
2.65,9.54,25.28,1
2.05,7.67,15.75,1
2.58,10.89,28.08,1
0.62,2.77,1.73,1
1.15,3.52,4.05,1
4.33,15.63,67.62,1
3.43,12.54,42.95,1
3.62,14.05,50.81,1
4.65,17.97,83.64,1
1.31,4.29,5.61,1
0.18,0.5,0.09,0
0.88,3.57,3.14,1
3.76,14.14,53.17,1
4.83,20.07,96.91,0
3.85,14.64,56.32,1
3.5,14.73,51.5,1
1.01,2.92,2.96,1
1.38,4.0,5.54,1
2.65,9.19,24.4,1
1.45,6.47,9.41,0
0.47,3.19,1.5,0
0.99,3.13,3.1,1
3.54,13.07,46.19,0
3.26,11.46,37.39,1
2.9,9.57,27.77,1
0.1,0.95,0.1,0
2.95,11.4,33.66,1
2.91,11.08,32.3,1
4.34,15.37,66.71,1
0.29,2.42,0.71,1
0.82,2.72,2.24,1
3.51,13.76,48.31,1
0.92,2.34,2.16,1
1.28,4.69,5.98,0
3.4,13.16,44.77,1
1.67,6.6,11.01,1
0.58,2.31,1.33,1
0.3,1.53,0.46,0
3.39,11.99,40.71,1
3.44,13.24,45.55,1
1.55,5.97,9.23,0
0.96,3.84,3.69,1
2.91,11.13,32.42,1
3.37,11.78,39.7,1
1.32,3.96,5.22,1
0.21,0.5,0.11,0
0.59,2.89,1.71,1
3.48,13.89,48.33,1
3.78,15.02,56.71,1
0.52,2.23,1.16,0
3.76,12.58,47.26,1
4.02,14.47,58.19,1
0.1,0.52,0.05,1
0.73,2.88,2.1,0
2.1,7.79,16.35,0
3.34,12.98,43.35,0
3.69,14.02,51.72,1
2.82,10.82,30.55,1
0.99,3.24,3.2,1
0.1,1.17,0.12,1
0.1,0.5,0.05,1
2.46,8.3,20.43,1
0.47,1.16,0.54,1
3.7,13.78,50.98,1
0.55,2.89,1.59,0
4.5,17.05,76.63,0
0.59,2.1,1.24,0
3.18,11.09,35.26,1
0.18,1.31,0.23,1
0.99,3.24,3.21,0
0.1,0.5,0.05,1
3.12,13.04,40.68,1
0.82,3.53,2.9,0
3.32,11.3,37.45,1
0.1,0.5,0.05,0
0.27,0.98,0.27,0
0.85,2.25,1.91,1
0.4,2.03,0.81,0
0.3,1.16,0.35,0
0.1,0.51,0.05,1
5.94,22.02,130.84,1
4.37,18.0,78.68,1
0.19,2.98,0.56,1
0.46,1.54,0.71,1
2.51,9.84,24.74,1
0.27,1.12,0.31,1
3.74,14.0,52.38,1
4.09,14.89,60.94,1
1.64,5.35,8.75,1
3.44,12.17,41.9,1
0.1,0.7,0.07,1
0.29,0.7,0.2,0
0.1,0.5,0.05,0
0.88,3.7,3.25,1
2.82,10.68,30.11,1
3.66,14.98,54.78,1
1.81,7.19,13.03,0
0.1,0.5,0.05,0
3.76,12.51,47.03,0
0.28,0.5,0.14,0
4.49,16.56,74.35,1
0.1,1.13,0.11,0
3.16,11.98,37.8,1
0.19,1.63,0.31,1
2.84,9.74,27.66,1
0.96,4.42,4.24,0
0.35,1.9,0.66,1
0.58,0.59,0.34,0
3.68,15.06,55.46,0
4.01,15.32,61.44,1
0.44,2.0,0.88,1
3.5,12.6,44.1,1
4.07,16.5,67.21,1
2.08,6.94,14.41,0
0.78,3.62,2.81,1
0.76,3.56,2.72,1
2.91,10.28,29.92,1
0.55,3.68,2.02,1
2.94,11.36,33.38,1
3.7,14.57,53.85,1
1.16,3.19,3.7,1
3.29,14.18,46.62,1
4.75,17.07,81.1,1
3.53,14.23,50.25,1
0.1,0.5,0.05,0
3.64,13.34,48.56,1
3.65,14.49,52.84,1
0.1,1.2,0.12,0
1.83,5.95,10.9,1
0.62,3.24,2.01,1
0.1,1.22,0.12,0
3.31,11.85,39.27,1
3.69,15.31,56.51,1
4.75,16.9,80.35,0
1.1,3.66,4.01,0
2.51,9.93,24.95,1
0.71,2.02,1.43,0
3.15,12.19,38.42,1
0.82,3.3,2.71,1
4.32,16.27,70.27,0
0.85,3.89,3.31,0
3.57,13.39,47.86,1
3.09,11.94,36.93,1
0.35,2.24,0.78,0
3.36,13.38,44.92,1
3.58,14.25,51.08,0
2.7,9.34,25.22,1
0.1,0.8,0.08,1
3.66,13.21,48.36,1
4.13,14.68,60.67,1
0.95,3.55,3.38,0
4.62,16.83,77.78,1
4.05,16.01,64.77,1
0.62,3.01,1.87,1
3.18,10.55,33.52,1
3.97,14.44,57.39,1
0.7,1.5,1.05,0
3.05,11.22,34.23,1
0.69,2.98,2.05,0
1.76,6.49,11.41,0
0.7,2.18,1.52,1
1.16,5.46,6.36,0
2.12,6.23,13.23,0
2.42,10.2,24.71,1
0.95,3.16,2.99,1
0.1,0.5,0.05,1
1.18,4.08,4.83,1
0.19,1.96,0.38,0
0.44,0.68,0.3,1
1.1,4.19,4.62,0
5.58,21.62,120.66,1
0.8,1.76,1.41,1
3.45,12.37,42.64,1
3.52,13.25,46.63,0
3.98,14.41,57.3,1
1.95,6.77,13.23,0
0.94,3.28,3.07,0
3.82,15.05,57.53,1
3.41,12.7,43.36,1
0.1,1.24,0.12,0
3.42,12.19,41.66,1
0.15,0.5,0.07,0
0.37,2.96,1.11,1
0.1,0.5,0.05,0
0.18,0.5,0.09,0
3.12,10.48,32.75,1
3.53,14.28,50.44,1
0.1,0.5,0.05,0
1.0,3.6,3.61,1
3.24,12.18,39.43,1
0.1,1.19,0.12,0
0.56,1.97,1.1,0
1.54,7.71,11.84,1
0.1,0.5,0.05,1
2.67,11.0,29.38,1
3.94,15.6,61.4,1
3.16,11.99,37.95,1
3.72,13.67,50.84,1
1.19,4.77,5.66,1
0.86,3.66,3.13,0
0.1,0.5,0.05,1
3.55,13.61,48.24,0
1.35,6.13,8.29,1
0.1,2.04,0.2,0
0.1,1.06,0.11,1
1.09,5.63,6.14,0
2.23,7.97,17.76,1
0.1,0.94,0.09,1
1.65,7.33,12.07,1
3.81,13.75,52.37,1
1.0,3.41,3.41,1
4.23,17.47,73.89,1
0.42,0.83,0.35,0
4.38,15.58,68.25,1
1.65,7.48,12.33,0
3.1,12.73,39.46,1
0.1,0.73,0.07,1
0.46,1.7,0.78,1
3.23,11.93,38.55,1
0.1,0.61,0.06,0
0.1,1.64,0.16,1
3.79,14.6,55.35,1
2.72,12.06,32.77,1
1.17,3.75,4.4,1
4.7,17.85,83.96,1
0.5,1.59,0.79,0
4.59,16.58,76.14,1
1.13,4.18,4.72,1
0.76,3.2,2.42,1
3.76,14.7,55.28,1
3.37,14.53,48.89,1
3.59,13.99,50.17,1
1.42,6.33,9.01,0
3.7,14.11,52.21,1
3.2,13.49,43.13,1
3.52,15.3,53.85,1
3.91,15.3,59.87,1
2.89,10.19,29.46,1
3.38,12.39,41.81,1
0.1,0.61,0.06,0
3.56,13.87,49.33,1
0.56,2.7,1.52,1
3.7,14.44,53.51,1
3.47,13.19,45.76,1
0.1,0.5,0.05,1
0.11,0.73,0.08,0
0.13,1.98,0.26,1
3.05,12.42,37.94,1
3.09,12.16,37.53,1
3.52,14.2,49.96,1
1.25,4.46,5.59,0
3.35,12.32,41.29,1
2.76,9.89,27.27,1
0.79,2.9,2.29,1
1.05,3.65,3.84,1
2.48,10.4,25.81,1
0.22,0.5,0.11,0
3.33,12.03,40.12,0
1.03,5.46,5.62,1
2.84,10.45,29.72,1
0.1,0.5,0.05,0
0.1,0.74,0.07,0
0.97,2.77,2.69,0
3.55,14.49,51.51,1
0.14,1.04,0.14,0
1.66,7.54,12.48,1
2.49,8.9,22.12,1
0.1,0.5,0.05,0
2.67,10.16,27.08,1
2.89,11.19,32.33,1
4.02,14.11,56.7,1
0.76,2.96,2.24,1
3.45,11.95,41.2,0
3.55,13.79,48.98,1
0.27,0.5,0.13,1
1.43,3.97,5.69,1
3.0,12.05,36.12,1
1.01,3.41,3.45,1
4.58,16.6,75.98,1
3.21,13.22,42.45,0
0.13,0.76,0.1,1
1.63,6.89,11.24,1
1.02,3.74,3.81,1
3.45,15.25,52.58,0
0.81,2.59,2.09,1
0.48,3.24,1.57,1
3.09,11.68,36.08,1
4.52,15.84,71.56,1
4.0,15.59,62.4,0
2.09,8.17,17.05,1
0.79,2.14,1.68,0
1.2,3.84,4.63,1
1.23,4.64,5.7,1
0.16,0.88,0.14,0
1.38,3.27,4.52,0
1.02,4.7,4.78,0
5.33,19.86,105.85,0
3.5,12.23,42.78,1
1.72,7.29,12.53,0
6.63,25.18,166.94,1
2.59,10.8,27.94,0
0.1,0.73,0.07,0
2.75,10.44,28.67,1
3.25,12.23,39.78,1
0.96,4.03,3.87,1
3.16,11.67,36.84,1
2.52,8.9,22.42,0
1.38,5.73,7.92,0
4.41,16.65,73.47,0
2.03,7.75,15.74,1
0.1,1.25,0.13,0
0.24,0.84,0.2,1
1.11,4.22,4.68,1
2.56,9.24,23.65,1
4.36,16.9,73.66,0
3.29,12.76,41.94,1
0.93,4.27,3.99,1
0.85,2.78,2.37,0
2.56,9.36,23.93,1
0.97,4.33,4.21,0
1.65,6.47,10.67,0
1.02,3.14,3.19,0
3.41,14.0,47.75,1
3.78,13.01,49.22,1
2.81,11.3,31.71,1
4.68,16.77,78.44,1
3.26,13.89,45.28,1
3.34,11.46,38.3,1
1.48,6.56,9.73,1
1.22,4.55,5.53,1
3.8,14.13,53.64,1
3.04,11.71,35.62,1
0.41,2.06,0.84,1
0.1,0.5,0.05,1
0.75,2.2,1.65,0
3.45,13.64,47.1,1
3.38,11.48,38.82,1
3.5,12.82,44.86,1
4.54,19.69,89.45,1
3.32,11.82,39.2,1
1.05,4.91,5.16,0
3.69,13.56,50.02,1
0.3,1.56,0.47,1
0.1,0.9,0.09,1
7.2,28.26,203.41,0
0.26,0.83,0.22,0
3.13,13.48,42.15,1
3.26,11.92,38.9,1
0.1,0.57,0.06,1
1.78,6.95,12.37,1
1.45,4.62,6.71,1
4.24,15.9,67.47,0
3.74,14.34,53.64,1
3.34,12.36,41.3,1
3.24,14.26,46.21,1
0.1,0.5,0.05,0
3.64,14.77,53.74,1
4.2,16.66,70.0,1
0.99,3.74,3.7,1
4.64,16.93,78.51,1
0.3,0.51,0.15,0
2.75,10.05,27.68,1
0.75,1.42,1.06,1
0.1,0.5,0.05,0
2.59,8.65,22.38,0
2.92,12.18,35.61,0
4.06,15.93,64.7,1
0.1,1.01,0.1,0
0.1,0.85,0.09,0
1.15,4.49,5.14,0
2.94,12.33,36.24,0
4.33,15.96,69.11,1
3.63,13.88,50.36,0
1.03,4.53,4.68,0
0.1,0.5,0.05,1
0.97,6.15,5.94,1
4.67,17.76,82.9,1
1.0,3.9,3.88,1
2.55,10.69,27.25,1
3.05,12.33,37.62,1
0.54,2.09,1.13,0
0.1,0.5,0.05,0
3.13,10.68,33.42,1
3.51,12.88,45.19,0
3.43,13.44,46.09,1
1.19,4.88,5.8,1
3.6,14.66,52.78,1
3.89,14.69,57.2,1
0.81,1.96,1.58,0
2.23,9.32,20.77,0
0.62,3.52,2.19,0
3.16,12.71,40.11,1
2.69,10.09,27.15,0
4.08,16.34,66.64,1
1.04,6.7,6.99,1
0.22,0.93,0.21,1
1.03,2.87,2.96,0
3.89,14.3,55.59,0
0.38,1.95,0.75,0
2.86,9.6,27.51,1
3.94,15.12,59.6,0
0.1,0.68,0.07,0
0.75,4.08,3.07,1
0.1,1.43,0.14,1
4.19,16.6,69.5,1
0.5,0.5,0.25,0
0.1,1.12,0.11,0
3.31,13.15,43.58,1
0.8,3.25,2.6,0
2.59,8.45,21.85,1
3.69,13.4,49.42,1
2.71,9.35,25.29,1
4.7,16.25,76.4,1
1.17,4.46,5.24,1
1.26,4.14,5.22,1
3.44,15.17,52.15,1
2.7,10.12,27.3,1
3.99,16.2,64.63,0
1.6,4.81,7.67,1
0.46,1.33,0.61,0
3.44,13.13,45.11,1
3.05,10.88,33.22,1
3.9,14.48,56.48,1
0.58,2.05,1.2,0
4.18,15.69,65.54,1
0.1,1.86,0.19,0
3.91,15.17,59.39,1
0.37,1.78,0.65,1
0.25,1.37,0.34,0
0.84,3.67,3.07,0
0.68,2.5,1.69,1
3.28,12.21,40.05,1
0.45,1.84,0.83,0
4.27,17.15,73.22,0
0.88,4.23,3.71,0
0.29,0.91,0.27,0
3.57,14.18,50.61,1
3.47,13.02,45.17,1
0.1,0.5,0.05,0
0.88,2.96,2.59,0
0.99,3.63,3.6,1
2.64,11.1,29.27,1
3.85,14.71,56.67,1
2.92,11.19,32.65,1
1.48,4.46,6.6,1
5.18,19.45,100.85,0
0.61,2.13,1.3,0
2.93,10.48,30.72,1
1.11,4.23,4.7,0
0.73,2.45,1.8,1
1.09,4.21,4.6,0
0.95,3.69,3.49,0
1.76,5.92,10.43,1
3.0,11.1,33.35,1
0.78,3.02,2.34,1
1.02,4.84,4.95,0
2.47,9.58,23.61,1
0.1,0.5,0.05,1
0.9,3.73,3.35,0
3.52,14.74,51.85,1
3.08,12.42,38.22,1
3.46,13.58,46.94,1
3.74,14.79,55.3,0
0.53,3.18,1.7,1
3.14,12.79,40.14,1
0.73,3.22,2.35,0
0.11,1.27,0.14,0
3.31,11.73,38.85,1
0.1,0.5,0.05,1
0.41,1.69,0.7,0
3.64,13.88,50.52,1
1.2,4.13,4.97,1
1.19,5.19,6.2,1
2.67,8.64,23.04,1
4.01,14.79,59.26,0
3.26,12.01,39.21,1
0.14,0.5,0.07,0
0.65,3.67,2.38,0
0.61,1.23,0.75,0
1.71,6.02,10.27,0
2.86,11.59,33.15,1
0.52,2.51,1.32,1
0.8,2.15,1.71,1
3.76,14.82,55.64,1
0.1,0.61,0.06,1
0.1,2.25,0.22,0
0.1,0.7,0.07,0
0.11,0.5,0.05,1
1.22,3.96,4.83,1
0.1,0.5,0.05,0
2.3,8.09,18.63,0
3.65,14.96,54.55,1
3.07,11.7,35.95,0
0.1,0.83,0.08,0
0.43,2.85,1.22,1
3.52,11.49,40.44,1
3.5,14.32,50.1,1
1.47,5.65,8.32,1
0.76,3.24,2.47,1
0.96,2.98,2.86,1
0.67,1.94,1.3,0
3.14,12.31,38.6,1
1.16,6.31,7.31,1
0.1,1.18,0.12,0
1.17,5.48,6.44,1
1.18,4.34,5.14,0
2.93,10.63,31.11,1
4.6,16.87,77.64,1
0.84,2.8,2.35,1
4.75,16.4,77.89,0
0.1,0.5,0.05,0
1.26,4.34,5.46,0
0.1,0.5,0.05,1
0.72,2.84,2.05,1
4.25,16.43,69.81,1
3.22,12.23,39.39,1
2.62,9.48,24.79,1
0.95,2.05,1.95,1
5.34,19.85,106.07,0
1.02,3.11,3.19,1
1.53,6.2,9.49,1
3.48,13.96,48.65,1
0.68,3.35,2.29,1
0.57,2.78,1.59,0
0.39,1.36,0.52,1
3.92,14.49,56.81,1
3.23,11.69,37.79,1
3.26,11.18,36.42,1
0.59,3.03,1.79,1
2.72,10.19,27.68,1
3.57,12.57,44.9,1
4.03,14.67,59.18,1
1.07,3.38,3.63,1
4.06,15.47,62.82,1
1.11,5.08,5.65,1
0.68,2.29,1.54,0
3.39,11.09,37.65,0
3.19,11.96,38.15,1
0.1,0.5,0.05,0
0.1,0.5,0.05,1
3.88,14.23,55.15,1
3.84,14.76,56.67,1
0.1,0.5,0.05,0
2.05,7.78,15.96,0
2.79,10.94,30.55,1
0.58,1.84,1.06,0
2.97,10.91,32.45,1
0.73,3.87,2.82,1
1.18,4.93,5.81,1
0.41,2.23,0.92,0
0.46,2.71,1.24,1
3.41,13.37,45.54,0
3.51,14.06,49.31,1
3.18,10.83,34.48,1
4.48,17.17,76.87,1
2.94,11.04,32.48,1
0.56,3.48,1.96,0
2.02,8.42,17.0,1
0.1,0.5,0.05,0
3.72,14.44,53.75,0
1.53,5.95,9.12,0
1.13,4.66,5.28,1
1.44,4.66,6.71,1
3.83,14.85,56.9,1
3.79,14.21,53.81,0
2.91,11.29,32.89,1
0.58,1.63,0.95,0
0.4,1.05,0.42,1
4.19,16.87,70.74,0
0.14,0.5,0.07,1
0.69,1.85,1.29,0
4.22,16.0,67.5,0
0.1,0.5,0.05,0
0.39,0.79,0.31,0
4.56,17.43,79.55,1
1.03,2.71,2.79,1
3.42,12.19,41.69,1
0.1,2.02,0.2,1
1.25,5.13,6.43,1
0.52,1.37,0.71,1
0.5,2.22,1.1,0
3.27,12.86,42.01,1
1.93,8.14,15.72,0
1.09,4.06,4.44,1
3.79,15.17,57.47,1
1.0,2.17,2.17,0
2.93,10.28,30.1,1
3.05,11.7,35.63,0
3.63,14.04,50.91,1
4.02,14.54,58.42,1
2.92,11.31,33.04,1
2.82,10.21,28.75,1
0.69,2.39,1.65,0
1.03,4.73,4.87,0
0.85,3.97,3.39,0
0.38,0.65,0.25,0
0.19,0.5,0.1,1
0.92,3.16,2.91,0
1.52,5.75,8.73,1
0.1,0.5,0.05,0
2.99,12.21,36.58,1
0.11,0.71,0.08,0
0.43,1.97,0.86,0
6.71,24.5,164.46,1
1.25,5.7,7.15,1
3.93,12.67,49.8,1
3.73,14.84,55.38,1
0.1,1.13,0.11,1
0.1,0.5,0.05,0
3.44,14.08,48.38,1
1.37,5.15,7.04,0
2.94,11.23,33.06,1
0.1,0.65,0.07,0
4.04,17.91,72.44,1
1.88,8.2,15.38,1
5.66,22.07,124.94,1
1.14,3.59,4.09,1
0.55,2.22,1.23,1
1.07,3.41,3.64,0
0.27,1.69,0.46,0
0.74,2.92,2.16,0
0.73,1.89,1.38,0
3.01,11.49,34.54,1
3.69,13.33,49.13,1
0.44,1.81,0.8,0
4.98,18.23,90.75,1
3.65,13.9,50.79,1
3.58,14.19,50.76,1
3.92,14.84,58.16,1
4.9,18.32,89.81,1
1.36,5.33,7.24,1
0.53,2.58,1.38,0
0.51,1.05,0.53,1
1.23,4.89,6.03,1
3.12,12.92,40.36,1
1.5,6.15,9.21,1
5.24,19.97,104.69,0
0.16,1.13,0.18,1
0.51,2.31,1.18,0
3.23,12.86,41.5,1
0.17,0.5,0.08,1
0.1,0.5,0.05,0
3.45,13.91,47.96,1
3.41,11.75,40.04,1
1.67,6.65,11.07,1
0.68,2.29,1.55,1
4.44,16.07,71.3,1
3.25,12.63,41.04,1
1.38,5.41,7.47,1
0.61,4.01,2.46,0
0.56,1.63,0.92,1
0.54,3.22,1.75,0
3.22,12.54,40.42,1
0.92,2.97,2.74,1
3.53,14.04,49.54,1
3.58,14.05,50.31,1
3.04,11.58,35.19,1
3.95,15.24,60.23,0
2.87,10.43,29.93,1
3.63,13.13,47.62,1
0.1,0.99,0.1,1
3.23,12.08,38.98,1
0.95,3.55,3.37,1
1.88,7.35,13.8,0
1.77,6.95,12.33,0
2.93,9.98,29.23,1
3.9,15.86,61.89,1
2.57,9.87,25.36,1
0.1,0.5,0.05,0
3.33,12.98,43.18,1
0.1,0.57,0.06,1
1.14,4.95,5.65,0
0.88,3.79,3.35,0
4.15,16.33,67.75,1
2.92,12.19,35.66,1
0.1,1.09,0.11,0
4.55,17.16,78.05,0
5.96,21.75,129.63,0
0.76,4.22,3.21,1
1.54,5.66,8.7,1
0.22,0.5,0.11,0
2.54,8.26,20.98,1
0.77,3.21,2.48,1
0.48,1.95,0.94,0
0.7,1.44,1.0,0
3.05,11.97,36.54,1
3.44,12.68,43.62,0
0.1,2.53,0.25,1
2.28,8.2,18.67,1
3.12,11.5,35.84,1
3.9,14.11,54.98,1
3.29,13.51,44.42,1
0.98,3.44,3.38,1
1.33,4.47,5.93,1
0.98,4.29,4.2,1
4.01,14.12,56.59,1
3.68,14.49,53.35,1
1.18,5.9,6.96,1
0.13,0.96,0.13,1
3.96,15.57,61.74,1
1.98,8.21,16.21,1
0.48,3.19,1.53,1
1.67,7.32,12.22,0
3.88,15.11,58.69,0
5.13,20.21,103.62,0
3.5,12.6,44.1,1
1.43,6.05,8.63,1
1.14,3.51,3.99,1
3.04,11.25,34.2,0
2.97,8.83,26.23,1
0.1,0.7,0.07,1
2.97,10.77,31.97,1
2.18,9.17,20.0,1
0.1,0.69,0.07,1
3.45,14.03,48.45,1
0.16,0.5,0.08,1
0.17,1.48,0.25,0
1.16,6.1,7.1,0
0.78,3.58,2.79,1
4.0,15.83,63.28,1
3.54,13.57,48.01,1
1.4,4.91,6.87,1
3.5,13.91,48.71,1
1.26,3.59,4.53,1
1.21,4.27,5.17,0
0.88,1.94,1.71,1
2.33,8.3,19.37,1
3.05,12.11,36.94,1
3.18,12.48,39.64,1
3.05,11.63,35.46,1
3.04,11.68,35.48,1
3.87,13.19,51.05,1
3.41,12.65,43.08,1
2.92,10.56,30.84,1
0.98,3.19,3.13,1
0.56,2.61,1.46,0
3.82,13.83,52.82,1
3.17,11.58,36.74,1
0.54,0.5,0.27,1
0.73,2.54,1.85,1
0.31,0.5,0.15,1
3.51,13.39,46.99,1
4.45,16.16,72.0,0
3.57,13.65,48.72,1
2.94,11.04,32.41,1
1.63,7.52,12.23,1
1.48,6.02,8.9,1
0.83,1.68,1.4,0
0.47,0.79,0.37,1
2.24,8.57,19.24,0
0.38,0.7,0.26,0
2.89,8.61,24.86,1
3.86,15.73,60.68,1
3.87,15.29,59.2,1
3.32,13.03,43.26,1
3.36,12.28,41.25,1
0.1,0.72,0.07,0
0.14,0.5,0.07,1
1.01,3.99,4.02,1
3.84,13.86,53.23,1
3.32,13.85,46.03,1
4.22,14.76,62.22,0
0.1,1.37,0.14,0
3.7,14.07,52.01,1
0.34,0.9,0.31,1
0.4,1.64,0.65,0
2.48,10.02,24.88,1
3.31,13.67,45.24,1
1.51,5.98,9.03,0
2.96,10.52,31.11,1
3.78,14.41,54.45,1
0.61,3.77,2.3,1
0.1,1.46,0.15,0
0.1,1.11,0.11,0
0.42,2.23,0.93,0
3.97,15.66,62.22,0
2.97,12.2,36.19,1
3.58,13.24,47.43,1
4.33,15.39,66.7,1
3.23,12.33,39.85,0
0.35,0.69,0.24,0
2.11,7.18,15.15,0
2.52,9.0,22.67,1
1.39,7.27,10.11,1
0.55,2.21,1.22,0
0.1,0.67,0.07,0
0.31,0.5,0.15,1
3.8,12.96,49.2,0
4.0,14.56,58.31,0
2.93,12.28,35.99,1
2.88,11.22,32.32,1
0.49,2.34,1.15,1
3.62,14.34,51.91,1
1.17,3.96,4.63,0
0.1,1.49,0.15,0
5.11,18.91,96.59,0
0.1,1.5,0.15,0
0.46,2.1,0.96,0
0.1,0.5,0.05,1
0.66,1.89,1.24,1
2.7,8.84,23.89,1
2.63,10.93,28.78,1
0.91,3.45,3.16,1
0.1,0.5,0.05,1
0.64,2.73,1.74,1
0.43,1.21,0.52,1
4.19,14.74,61.76,1
0.93,4.88,4.54,0
2.64,10.11,26.65,1
0.85,2.99,2.54,1
0.25,0.64,0.16,1
3.58,12.38,44.3,0
0.1,0.5,0.05,0
1.55,6.92,10.73,0
0.64,2.05,1.31,0
3.01,11.46,34.49,1
1.06,2.39,2.54,0
0.17,0.5,0.09,0
3.98,15.61,62.16,1
2.0,7.91,15.85,0
0.62,3.77,2.34,1
0.71,3.78,2.69,0
3.25,12.15,39.43,1
3.9,15.18,59.17,1
3.07,11.42,35.07,1
0.77,4.58,3.53,1
0.49,2.76,1.34,0
1.19,4.66,5.55,0
3.17,12.21,38.71,1
1.09,5.31,5.8,1
2.87,11.36,32.58,1
0.93,4.79,4.46,0
2.65,8.32,22.05,1
1.72,6.89,11.83,1
4.14,15.31,63.38,1
3.55,14.89,52.86,1
0.1,1.62,0.16,1
1.79,6.81,12.16,0
0.74,4.06,3.02,1
1.39,6.72,9.36,0
1.58,6.08,9.63,1
1.05,5.95,6.22,1
1.28,4.83,6.18,1
3.5,13.13,45.96,1
0.77,3.6,2.76,0
3.37,12.54,42.3,1
0.69,2.68,1.84,0
3.5,14.42,50.44,1
4.55,17.3,78.68,1
0.36,0.5,0.18,0
0.95,3.89,3.68,1
5.31,19.63,104.24,1
2.28,9.34,21.28,1
3.38,13.4,45.31,0
1.22,5.81,7.09,1
0.44,2.41,1.06,0
5.12,20.35,104.27,1
4.01,14.69,58.82,1
0.1,1.02,0.1,0
0.65,4.06,2.65,0
1.94,6.83,13.25,0
3.57,15.01,53.6,1
3.45,12.66,43.67,1
0.1,0.5,0.05,0
0.13,0.74,0.1,0
3.28,13.03,42.72,1
3.32,13.34,44.27,1
4.4,15.93,70.04,1
0.1,0.73,0.07,1
3.8,13.9,52.85,0
1.29,3.69,4.75,0
3.63,13.04,47.26,1
0.91,2.85,2.59,1
0.69,3.04,2.09,1
3.58,14.53,52.02,0
0.48,0.65,0.31,0
3.75,14.53,54.5,1
3.09,10.8,33.37,1
0.65,2.97,1.93,0
0.43,1.14,0.49,0
0.1,0.5,0.05,0
0.51,2.58,1.32,0
0.1,0.5,0.05,0
5.29,19.84,104.91,1
0.1,0.5,0.05,0
0.1,1.14,0.11,0
0.24,1.56,0.37,1
0.54,2.07,1.13,1
0.67,1.33,0.89,0
1.16,5.36,6.2,0
1.5,5.18,7.79,1
3.72,13.79,51.37,1
4.05,17.24,69.85,1
3.54,12.9,45.7,1
3.02,12.07,36.45,1
2.9,11.47,33.27,0
1.22,4.93,6.0,0
4.99,19.2,95.91,1
2.64,10.34,27.32,0
1.51,5.95,8.98,1
1.78,6.71,11.91,1
4.55,18.51,84.3,1
1.03,2.85,2.92,1
0.39,2.29,0.89,1
4.24,16.78,71.15,0
0.8,3.61,2.9,0
0.61,3.22,1.97,0
1.74,6.54,11.4,1
0.1,0.5,0.05,1
2.15,8.11,17.42,0
3.04,10.75,32.66,1
0.1,0.5,0.05,0
1.01,2.85,2.88,1
0.1,0.5,0.05,0
0.1,0.5,0.05,0
1.17,2.55,2.99,1
1.06,4.58,4.84,0
0.67,4.31,2.88,0
0.32,1.71,0.55,0
0.4,1.37,0.56,1
3.53,13.36,47.1,1
1.01,3.49,3.51,1
3.66,13.98,51.17,1
3.67,13.92,51.07,1
2.76,9.83,27.14,1
0.19,2.08,0.4,1
0.57,0.96,0.55,1
2.91,11.63,33.84,1
0.13,0.5,0.06,0
0.1,1.9,0.19,0
0.18,0.94,0.17,0
1.69,6.14,10.39,1
0.22,0.64,0.14,0
2.69,10.25,27.57,1
0.55,1.16,0.63,0
3.95,14.4,56.87,0
1.98,6.09,12.05,0
1.85,6.29,11.63,0
1.02,3.94,4.01,1
0.82,3.35,2.75,1
1.07,2.47,2.63,1
0.52,1.86,0.97,1
2.88,11.41,32.93,1
3.44,12.94,44.49,1
1.75,6.14,10.75,1
0.1,0.5,0.05,0
3.02,11.05,33.41,0
0.31,0.68,0.21,0
2.21,8.53,18.83,0
3.03,13.37,40.53,1
0.5,1.3,0.65,0
0.98,3.47,3.4,0
0.41,1.52,0.63,0
3.67,13.38,49.05,1
4.86,19.34,93.95,1
2.82,8.84,24.97,0
3.02,11.07,33.46,1
0.25,1.62,0.41,0
3.32,12.36,40.99,1
3.93,14.26,55.99,1
3.4,13.27,45.08,1
4.02,15.99,64.25,1
0.74,2.99,2.21,1
4.39,16.02,70.27,1
1.48,6.0,8.91,0
0.23,0.54,0.12,1
3.45,13.71,47.34,1
0.61,3.52,2.17,0
1.98,5.45,10.79,0
0.48,1.91,0.91,1
4.66,16.3,75.9,1
1.17,6.4,7.5,1
0.58,1.82,1.06,1
3.98,15.71,62.5,1
3.8,14.42,54.8,1
0.95,2.96,2.81,1
0.1,0.5,0.05,0
0.1,1.65,0.16,1
2.89,11.76,34.04,0
3.74,15.77,58.98,1
0.11,0.5,0.06,0
3.16,12.25,38.76,1
0.1,0.5,0.05,0
1.19,4.31,5.14,1
2.83,9.91,28.03,1
3.43,13.11,45.0,0
1.13,3.68,4.17,1
0.1,0.73,0.07,1
0.95,3.74,3.56,1
4.49,17.3,77.68,1
1.52,7.1,10.77,1
1.47,5.55,8.16,1
0.77,3.52,2.7,0
2.87,12.54,35.96,1
0.73,3.81,2.77,1
0.52,2.91,1.52,0
0.33,1.01,0.33,0
0.52,2.14,1.1,0
2.78,9.52,26.47,1
3.22,12.63,40.63,1
0.53,2.25,1.2,1
3.11,11.82,36.71,1
0.1,1.2,0.12,1
0.1,0.5,0.05,0
3.64,15.16,55.24,1
4.04,16.06,64.83,0
1.19,4.48,5.35,0
2.71,10.19,27.65,1
3.02,11.87,35.9,1
3.64,15.03,54.64,1
0.86,3.34,2.86,1
4.68,17.89,83.69,1
0.46,1.75,0.8,0
2.63,11.41,29.97,1
0.68,2.28,1.54,1
0.5,1.89,0.95,1
3.09,12.91,39.88,1
0.28,1.19,0.34,0
3.53,14.33,50.64,1
0.49,1.12,0.54,1
0.1,0.5,0.05,0
2.42,10.37,25.04,1
3.95,14.48,57.25,1
2.71,10.17,27.55,1
0.1,0.59,0.06,0
0.16,0.5,0.08,0
1.8,6.5,11.68,1
0.15,0.65,0.1,1
4.34,16.51,71.59,1
3.18,13.12,41.75,1
3.11,13.05,40.6,1
0.37,0.71,0.26,0
3.88,14.85,57.67,1
3.26,12.92,42.07,1
0.93,4.74,4.4,1
2.88,11.53,33.24,1
4.4,16.94,74.48,1
0.1,0.91,0.09,1
0.1,0.92,0.09,0
1.01,3.11,3.16,1
2.79,10.76,30.02,1
0.16,1.78,0.29,1
0.15,0.5,0.07,1
1.23,4.79,5.92,1
0.64,2.24,1.43,1
3.99,13.31,53.11,1
4.08,15.51,63.23,1
2.11,8.24,17.36,0
0.72,2.34,1.69,1
0.1,0.5,0.05,0
0.28,0.5,0.14,1
2.72,10.96,29.86,1
3.03,13.08,39.62,1
5.31,21.27,112.86,1
3.08,10.61,32.63,1
0.1,1.06,0.11,0
3.36,12.24,41.16,1
0.57,1.71,0.98,0
1.29,4.55,5.89,1
3.78,14.91,56.31,1
0.1,1.15,0.11,0
0.1,0.5,0.05,0
3.94,14.92,58.8,1
1.52,6.13,9.3,1
3.39,13.34,45.21,1
2.31,9.73,22.49,1
3.64,12.8,46.54,1
0.1,0.5,0.05,1
3.75,13.38,50.13,1
3.36,12.73,42.75,0
0.1,0.5,0.05,0
3.2,12.14,38.91,1
0.68,1.94,1.32,1
0.1,0.5,0.05,0
0.1,0.5,0.05,0
0.21,0.71,0.15,1
3.6,13.34,48.04,0
0.92,2.97,2.75,1
1.28,5.91,7.54,1
3.53,12.73,44.92,1
0.51,3.06,1.55,1
0.48,3.12,1.49,0
4.42,15.25,67.46,1
0.1,0.5,0.05,1
3.06,11.31,34.61,1
2.68,7.86,21.09,1
2.73,9.22,25.15,1
3.37,13.41,45.16,1
1.25,6.38,8.0,0
2.92,11.82,34.5,1
2.11,8.29,17.52,1
2.93,11.12,32.61,1
3.31,13.91,46.0,1
0.1,2.1,0.21,0
0.52,1.52,0.8,1
0.79,1.42,1.12,1
0.38,0.5,0.19,1
0.1,1.44,0.14,0
0.41,1.52,0.63,1
3.63,13.94,50.57,1
3.39,11.44,38.73,1
3.29,11.9,39.13,0
3.23,12.03,38.8,0
0.1,0.55,0.05,0
1.2,4.23,5.05,0
0.1,0.5,0.05,1
1.48,5.01,7.44,1
2.6,10.85,28.23,1
0.1,0.58,0.06,1
0.89,3.87,3.43,0
0.1,0.5,0.05,0
0.18,0.5,0.09,1
3.57,13.13,46.83,1
2.36,8.27,19.49,1
1.03,4.19,4.32,0
3.87,17.34,67.12,0
3.25,12.92,42.07,1
1.51,7.94,12.01,0
2.91,11.5,33.45,1
3.45,12.59,43.41,1
3.27,12.7,41.54,1
4.52,18.6,84.1,1
3.77,15.81,59.67,1
3.16,11.56,36.56,1
2.85,11.03,31.41,1
2.18,7.16,15.63,1
0.53,2.67,1.41,1
0.81,4.3,3.47,0
0.2,0.81,0.17,1
0.15,0.5,0.08,0
0.22,1.14,0.25,1
3.06,11.97,36.63,0
2.76,10.56,29.15,1
0.98,3.87,3.79,1
3.94,14.82,58.36,0
0.1,1.18,0.12,0
4.21,16.6,69.98,1
1.27,4.06,5.17,1
3.44,12.25,42.13,1
1.3,4.73,6.14,0
1.25,5.33,6.65,0
2.73,10.5,28.67,0
0.6,1.77,1.06,0
3.02,11.69,35.31,1
3.35,12.46,41.75,1
4.53,17.92,81.22,1
3.37,13.08,44.12,1
3.33,12.41,41.36,1
2.27,8.8,19.93,1
0.54,3.11,1.69,1
1.92,6.84,13.15,0
3.77,14.66,55.3,1
3.26,12.32,40.14,1
0.61,2.66,1.63,0
3.35,12.22,40.97,1
3.37,12.88,43.33,1
3.58,14.49,51.85,1
1.1,3.45,3.8,0
3.11,10.77,33.54,1
3.03,10.49,31.8,1
0.1,0.5,0.05,0
3.97,15.57,61.86,1
2.86,9.74,27.84,0
3.66,13.68,50.07,1
1.74,7.1,12.36,0
1.02,4.22,4.32,0
3.93,14.61,57.37,0
0.64,2.6,1.68,0
1.32,5.09,6.7,0
1.93,7.17,13.85,1
3.26,12.23,39.91,1
4.55,19.08,86.83,1
4.39,17.34,76.18,1
3.35,14.7,49.19,1
0.89,3.0,2.68,0
4.02,15.19,60.99,1
3.62,12.69,45.92,1
3.22,11.6,37.37,1
2.93,12.66,37.11,1
0.31,0.76,0.24,1
2.89,12.52,36.16,1
0.59,1.24,0.73,1
0.23,0.5,0.12,0
2.65,9.78,25.87,0
0.81,3.02,2.44,1
1.97,8.24,16.26,0
4.58,17.77,81.39,0
1.2,4.21,5.04,1
2.44,9.17,22.38,1
3.38,12.57,42.45,1
0.1,0.5,0.05,1
4.2,15.25,64.09,0
0.8,3.87,3.11,0
3.67,12.47,45.71,1
3.42,14.29,48.85,1
3.09,11.49,35.54,1
0.1,0.5,0.05,0
1.47,6.16,9.04,0
3.11,13.01,40.44,1
1.02,4.76,4.85,0
3.69,14.41,53.09,1
3.97,15.95,63.28,0
0.31,0.5,0.15,1
0.1,0.5,0.05,1
0.33,0.52,0.17,1
1.43,6.41,9.16,0
0.66,2.19,1.43,0
4.6,18.14,83.39,1
3.16,12.42,39.2,1
1.09,3.44,3.73,1
3.41,12.49,42.57,1
0.1,1.42,0.14,0
0.17,0.5,0.08,0
3.1,11.86,36.71,1
0.63,1.75,1.09,1
3.44,12.82,44.08,1
3.0,11.37,34.11,1
1.49,5.04,7.51,1
0.94,2.8,2.64,1
1.19,4.75,5.65,1
4.37,15.94,69.71,1
0.1,0.5,0.05,0
2.75,9.68,26.58,1
0.64,2.37,1.52,0
3.11,12.55,38.98,1
1.03,5.12,5.27,0
1.32,4.45,5.89,0
2.92,12.83,37.53,1
3.22,11.45,36.9,1
4.62,18.41,85.0,1
4.8,17.67,84.87,1
4.57,16.69,76.34,1
3.63,13.21,48.0,1
0.41,1.51,0.62,0
1.04,4.4,4.57,1
4.06,15.97,64.86,1
2.93,10.38,30.4,1
0.47,1.0,0.47,1
0.15,0.5,0.07,1
3.38,12.76,43.16,1
2.97,11.11,32.99,1
1.08,3.34,3.6,1
4.13,15.92,65.77,1
0.84,4.98,4.16,1
0.89,2.98,2.66,0
0.34,0.96,0.33,1
3.07,12.12,37.25,1
1.71,6.06,10.39,1
2.4,9.67,23.24,1
0.57,1.58,0.9,0
1.05,5.46,5.74,1
4.36,16.83,73.28,1
0.25,0.5,0.13,0
0.1,0.5,0.05,1
4.34,16.09,69.84,0
3.64,14.92,54.3,1
0.98,2.72,2.67,1
0.51,1.4,0.71,0
2.77,10.06,27.83,1
3.85,14.62,56.31,1
1.69,6.19,10.43,0
3.9,13.64,53.25,1
0.62,2.03,1.25,0
0.9,3.36,3.04,1
0.1,0.5,0.05,1
0.51,2.47,1.25,1
0.24,1.66,0.4,0
3.28,12.4,40.66,1
3.39,13.07,44.32,1
0.1,0.5,0.05,0
3.11,11.49,35.76,1
1.01,4.62,4.65,1
0.74,2.46,1.81,0
0.1,0.5,0.05,0
0.25,2.78,0.7,1
1.69,7.87,13.3,1
1.21,4.97,6.01,1
4.86,19.4,94.35,0
0.42,0.5,0.21,0
2.91,10.42,30.33,1
0.49,1.48,0.72,0
2.75,10.26,28.23,1
3.27,12.04,39.37,1
0.31,0.5,0.15,0
3.94,15.28,60.23,1
3.96,15.48,61.31,1
3.07,12.94,39.71,1
3.1,11.14,34.54,1
2.82,10.02,28.24,1
3.06,9.48,29.01,1
1.25,4.5,5.62,1
0.67,3.25,2.16,0
0.1,0.5,0.05,0
2.15,9.87,21.2,0
0.54,1.85,1.0,0
0.1,0.5,0.05,0
0.5,0.81,0.41,1
1.48,5.85,8.67,0
2.35,7.36,17.32,1
3.44,13.64,47.0,1
0.69,3.19,2.19,1
1.58,7.08,11.16,0
1.01,3.01,3.03,1
1.22,4.78,5.86,0
3.24,12.76,41.31,1
0.32,1.56,0.5,0
2.65,9.37,24.82,1
3.27,10.5,34.32,1
4.26,16.46,70.06,0
1.29,4.77,6.13,1
1.69,5.95,10.03,1
0.1,0.99,0.1,0
0.62,2.3,1.42,1
2.86,9.8,27.98,1
3.13,10.33,32.3,1
0.1,0.5,0.05,1
4.21,17.91,75.39,1
0.34,1.88,0.65,1
3.17,12.21,38.78,1
4.52,17.04,77.03,1
3.73,13.97,52.05,1
3.22,13.17,42.42,1
3.15,11.59,36.54,0
3.67,14.4,52.85,1
3.48,12.96,45.17,1
0.37,2.96,1.1,1
0.18,1.28,0.23,1
1.57,6.98,10.99,1
0.21,0.5,0.11,1
0.1,1.23,0.12,0
1.15,4.11,4.7,0
0.1,0.5,0.05,1
0.82,4.44,3.65,0
0.46,0.91,0.42,1
2.86,11.03,31.52,1
1.63,6.53,10.63,1
2.1,8.4,17.63,0
2.89,10.63,30.73,1
3.68,15.65,57.61,1
1.96,6.4,12.52,0
0.1,1.55,0.15,1
3.2,13.13,42.0,1
1.55,7.41,11.48,0
0.43,0.5,0.21,0
1.15,3.67,4.22,0
0.38,2.65,1.02,1
0.1,0.5,0.05,1
0.85,1.96,1.67,1
0.47,1.39,0.65,0
0.43,1.78,0.76,1
1.78,8.03,14.27,0
0.62,2.21,1.37,1
3.7,13.57,50.2,1
3.83,14.8,56.68,1
3.76,14.66,55.12,0
0.1,0.73,0.07,0
0.67,2.42,1.63,0
3.67,12.37,45.38,0
0.1,0.5,0.05,1
0.9,4.55,4.1,1
3.73,14.33,53.48,0
2.97,11.03,32.78,1
4.51,18.04,81.41,1
0.98,2.81,2.74,0
2.34,8.72,20.4,1
1.24,4.84,6.02,1
3.41,12.61,43.02,1
1.14,4.42,5.05,1
0.41,1.42,0.58,0
0.67,1.41,0.94,1
0.1,0.53,0.05,0
3.67,12.88,47.23,1
1.42,5.53,7.84,0
1.13,5.37,6.05,0
4.67,17.53,81.93,0
0.51,1.0,0.51,0
4.06,15.34,62.38,1
1.52,5.1,7.75,0
2.18,8.76,19.11,1
0.1,0.5,0.05,0
1.22,6.01,7.34,1
0.68,3.5,2.36,1
3.54,13.35,47.3,1
3.62,14.35,52.01,1
2.14,7.8,16.66,1
0.83,3.19,2.65,0
3.33,12.37,41.18,1
0.23,1.48,0.34,1
0.96,4.79,4.59,1
3.29,13.12,43.12,1
2.18,9.03,19.7,1
1.17,5.17,6.04,1
1.48,6.05,8.94,0
2.75,9.53,26.18,1
0.31,2.52,0.77,1
1.48,7.06,10.42,0
1.5,5.52,8.3,0
2.6,9.59,24.94,1
0.1,0.87,0.09,0
1.77,7.16,12.67,0
3.14,11.77,36.98,1
2.75,9.45,25.99,1
3.1,12.02,37.23,0
0.64,2.86,1.82,0
3.37,13.38,45.08,1
3.05,11.89,36.31,1
0.1,0.5,0.05,0
2.69,11.03,29.71,1
0.38,1.5,0.57,1
1.45,5.12,7.41,1
1.22,4.5,5.49,1
1.44,4.06,5.84,0
0.91,3.31,3.0,0
1.5,6.25,9.37,1
0.63,2.66,1.67,1
4.16,17.03,70.87,1
3.59,13.43,48.23,0
2.84,11.18,31.72,1
4.13,16.33,67.43,1
4.93,20.6,101.54,0
1.53,5.91,9.01,1
4.31,15.56,67.12,0
1.48,6.3,9.33,1
2.51,11.04,27.75,0
0.65,2.2,1.42,1
2.53,10.3,26.12,1
2.96,12.23,36.2,1
1.15,5.18,5.95,1
3.21,12.3,39.52,1
1.15,3.81,4.39,1
1.28,4.78,6.1,0
3.35,13.1,43.87,1
0.18,1.41,0.25,1
1.26,5.04,6.33,1
0.97,3.39,3.29,0
1.39,5.73,7.96,0
1.0,4.47,4.45,1
4.45,17.23,76.73,0
1.19,3.87,4.62,1
0.16,0.5,0.08,0
0.65,3.24,2.12,1
3.42,11.89,40.64,1
4.76,16.41,78.13,1
0.1,1.59,0.16,0
3.51,13.75,48.26,0
0.89,3.88,3.46,1
4.0,14.35,57.41,1
4.98,19.52,97.22,1
1.09,4.36,4.75,1
3.79,13.12,49.67,1
1.16,5.56,6.47,0
3.58,13.74,49.23,1
0.98,3.39,3.31,0
0.78,2.68,2.1,0
2.83,9.13,25.79,0
1.26,5.24,6.58,1
3.9,15.01,58.5,1
5.85,22.06,128.94,1
3.4,13.93,47.3,1
2.78,9.44,26.21,1
0.73,2.31,1.7,0
2.94,10.48,30.75,1
0.62,2.15,1.34,0
1.65,6.31,10.4,0
4.19,16.25,68.0,1
0.36,1.09,0.39,1
0.96,2.95,2.83,1
1.09,5.5,6.01,1
1.73,8.5,14.69,0
1.87,7.22,13.5,0
0.1,0.5,0.05,0
6.33,25.23,159.66,1
3.02,10.33,31.22,1
1.63,5.93,9.66,0
3.08,11.16,34.43,0
3.26,11.45,37.32,0
2.53,9.4,23.8,1
0.18,0.5,0.09,1
1.66,6.34,10.55,0
2.63,10.01,26.32,0
3.55,12.98,46.0,1
0.69,2.33,1.61,0
2.3,8.56,19.68,0
1.18,5.12,6.02,1
0.7,2.54,1.78,0
0.77,3.58,2.75,0
3.42,13.47,46.08,1
2.89,11.43,33.02,1
3.02,12.58,37.96,1
3.35,11.85,39.76,1
1.95,7.03,13.7,1
5.05,20.58,103.84,0
4.58,17.2,78.81,0
5.29,17.87,94.61,1
0.53,1.84,0.97,0
3.81,14.57,55.46,1
0.75,0.74,0.56,1
0.53,3.08,1.63,1
4.36,15.99,69.72,1
0.1,0.64,0.06,0
0.76,2.72,2.07,1
3.92,13.86,54.31,0
0.98,2.87,2.81,1
1.0,3.05,3.05,0
1.62,7.03,11.39,1
0.17,0.52,0.09,1
0.68,2.16,1.46,0
1.25,4.01,5.01,0
4.58,18.35,84.02,0
0.95,4.79,4.57,0
0.1,1.33,0.13,0
0.1,0.77,0.08,0
1.99,7.78,15.44,1
0.1,0.5,0.05,0
1.57,5.78,9.09,0
4.69,17.27,80.93,1
0.12,0.5,0.06,1
0.1,1.23,0.12,0
0.45,1.17,0.53,1
3.48,14.19,49.43,1
0.1,1.09,0.11,0
0.68,3.02,2.04,1
3.15,12.46,39.23,1
0.13,0.5,0.06,0
0.84,4.66,3.9,0
3.0,11.43,34.3,1
1.15,4.6,5.27,1
4.29,15.77,67.58,1
1.17,3.7,4.32,0
1.44,5.84,8.38,1
0.95,3.78,3.59,0
2.27,8.0,18.19,0
1.23,3.53,4.35,0
1.68,5.37,9.02,0
0.81,4.03,3.26,1
1.26,4.3,5.42,0
3.43,12.75,43.67,1
0.82,4.26,3.48,1
0.1,0.5,0.05,0
0.1,0.5,0.05,0
2.97,10.66,31.61,0
0.61,3.6,2.18,0
3.1,13.39,41.55,1
0.72,3.33,2.39,1
1.46,6.17,8.99,1
1.66,5.83,9.66,0
0.21,2.35,0.49,1
2.04,7.98,16.33,1
3.96,15.73,62.25,0
0.69,2.55,1.76,1
2.94,10.97,32.29,0
0.24,2.24,0.54,1
2.86,11.31,32.37,1
4.57,18.51,84.51,1
2.76,10.67,29.41,1
1.5,5.01,7.51,0
4.98,18.46,91.95,1
0.1,0.5,0.05,1
2.89,10.48,30.29,1
0.37,0.51,0.19,0
0.98,4.67,4.56,1
0.1,0.5,0.05,0
1.46,5.68,8.31,0
3.71,14.34,53.2,1
0.31,0.7,0.21,0
0.73,3.95,2.89,1
0.54,1.17,0.64,1
0.98,3.94,3.86,0
1.21,4.81,5.85,1
2.06,7.77,15.96,1
3.29,11.48,37.83,1
2.69,10.93,29.42,1
1.59,6.65,10.6,0
0.74,2.26,1.66,1
0.42,2.15,0.9,0
3.15,12.26,38.62,1
2.4,8.09,19.38,1
3.83,13.87,53.14,1
0.54,2.95,1.59,0
2.31,9.04,20.92,1
2.74,9.96,27.27,1
0.96,2.95,2.82,1
2.8,10.24,28.71,1
3.54,13.09,46.3,1
3.62,13.08,47.37,1
3.04,10.16,30.91,0
0.71,3.61,2.56,0
0.1,1.16,0.12,0
3.52,12.35,43.44,1
4.4,16.83,74.06,1
2.88,10.23,29.48,1
1.06,3.81,4.02,0
0.7,2.38,1.67,1
4.32,16.06,69.29,0
0.7,4.28,3.01,0
3.1,11.41,35.34,1
4.32,15.79,68.26,1
0.32,0.6,0.19,0
0.1,1.22,0.12,0
0.97,2.37,2.3,1
0.89,2.75,2.44,0
1.66,7.48,12.43,0
2.7,10.46,28.24,1
3.56,13.7,48.8,1
0.59,3.93,2.3,1
0.36,1.56,0.56,1
3.06,11.08,33.94,1
3.03,11.28,34.13,1
3.46,12.25,42.4,1
3.67,14.97,54.99,1
1.36,5.62,7.63,1
0.38,2.33,0.87,0
0.22,1.79,0.39,0
0.1,0.5,0.05,0
2.98,10.56,31.44,0
1.29,4.85,6.23,0
1.55,5.18,8.01,0
0.46,1.87,0.85,0
0.56,3.05,1.71,1
3.14,11.8,37.03,1
1.66,6.44,10.7,0
2.23,8.38,18.66,1
0.97,4.33,4.2,1
2.96,10.72,31.72,1
0.89,1.64,1.47,0
4.57,17.74,81.03,1
0.15,1.37,0.21,1
3.83,14.89,56.98,1
3.11,11.29,35.07,1
0.41,0.67,0.28,1
0.1,0.78,0.08,0
0.85,3.33,2.82,0
1.89,7.08,13.38,0
1.92,8.77,16.88,1
3.03,10.76,32.63,1
3.43,14.45,49.54,1
3.02,11.49,34.65,1
3.62,12.28,44.46,1
1.55,5.74,8.88,1
0.86,4.02,3.45,0
1.83,6.66,12.18,1
0.92,2.32,2.14,0
0.1,0.5,0.05,0
0.1,0.5,0.05,0
0.21,1.18,0.24,1
4.14,16.36,67.79,1
1.19,3.69,4.4,0
3.76,13.71,51.47,1
3.65,14.48,52.84,1
0.1,0.5,0.05,0
0.1,0.5,0.05,0
2.83,9.83,27.87,1
0.55,2.38,1.31,1
0.43,1.89,0.82,0
0.71,2.16,1.53,0
3.11,11.82,36.73,0
3.75,15.47,57.99,1
0.1,0.5,0.05,1
1.2,2.98,3.57,1
4.83,18.72,90.39,1
0.1,0.5,0.05,0
2.14,7.56,16.15,1
0.1,0.9,0.09,1
3.59,14.31,51.4,1
1.28,3.11,3.99,1
0.1,0.5,0.05,1
1.0,5.65,5.64,1
2.96,11.73,34.76,1
3.26,12.92,42.09,0
2.11,8.95,18.86,1
2.55,9.7,24.72,1
0.9,4.06,3.66,1
0.99,4.33,4.27,1
3.58,14.05,50.37,1
4.54,16.99,77.13,0
5.22,19.99,104.39,0
3.84,14.13,54.32,1
4.31,16.38,70.56,0
1.41,4.43,6.26,0
0.75,2.21,1.66,0
0.9,3.2,2.89,1
4.15,15.02,62.34,1
1.39,4.87,6.76,1
3.6,13.55,48.79,1
0.78,3.28,2.56,1
0.39,2.24,0.88,1
1.25,4.4,5.52,1
0.44,2.73,1.2,1
0.39,2.23,0.87,0
0.1,0.78,0.08,0
3.7,14.18,52.47,1
2.3,8.98,20.61,1
1.41,6.29,8.84,1
3.57,14.55,51.99,1
3.39,13.95,47.27,0
1.38,5.27,7.26,1
0.26,1.45,0.38,1
0.1,1.45,0.15,1
0.26,0.5,0.13,0
0.1,0.5,0.05,1
3.49,13.26,46.22,1
0.1,1.1,0.11,0
3.39,13.61,46.14,1
0.72,2.56,1.85,1
1.1,2.99,3.3,0
3.54,13.64,48.25,0
2.82,10.0,28.23,1
3.71,12.92,47.95,1
1.48,4.6,6.81,1
0.1,0.64,0.06,1
0.1,1.47,0.15,1
1.35,5.16,6.96,0
3.53,13.58,47.92,1
0.1,1.33,0.13,1
0.16,0.5,0.08,0
0.21,1.22,0.26,0
2.75,10.43,28.67,0
0.1,0.83,0.08,0
3.79,14.03,53.26,1
1.43,4.78,6.85,1
1.31,5.07,6.62,1
0.44,2.99,1.32,1
1.16,5.08,5.88,0
0.49,1.47,0.72,1
2.62,8.89,23.33,0
3.62,12.41,44.93,0
3.6,14.74,53.09,0
1.88,6.36,11.93,1
4.28,16.02,68.6,1
0.94,4.63,4.36,1
3.58,12.31,44.03,1
3.14,13.12,41.2,1
3.1,11.57,35.82,1
0.23,0.5,0.12,0
3.75,14.06,52.75,1
0.1,0.5,0.05,1
3.39,13.24,44.92,1
0.48,1.32,0.64,1
0.1,0.5,0.05,0
0.59,2.08,1.23,1
3.24,11.21,36.26,1
0.1,0.54,0.05,1
1.32,4.08,5.4,1
1.96,7.07,13.89,1
1.18,4.61,5.42,1
0.1,0.5,0.05,1
0.1,0.58,0.06,0
0.49,2.42,1.19,1
0.1,0.5,0.05,1
1.13,4.25,4.81,1
0.22,0.5,0.11,0
0.19,0.94,0.18,0
0.1,0.5,0.05,0
1.65,5.5,9.1,1
2.1,8.25,17.36,1
0.52,2.93,1.53,0
3.26,12.01,39.17,1
3.69,13.28,49.07,1
0.1,0.51,0.05,1
1.94,6.31,12.26,1
2.47,8.87,21.94,0
0.72,3.71,2.68,0
0.65,2.5,1.62,1
1.33,3.57,4.76,0
2.25,7.13,16.06,0
3.97,15.23,60.49,0
0.1,1.07,0.11,0
0.64,1.14,0.73,1
0.1,0.74,0.07,1
1.62,7.24,11.75,0
5.75,23.37,134.5,1
0.76,3.14,2.38,0
1.05,4.38,4.59,0
4.34,14.78,64.16,1
2.59,11.53,29.89,0
3.02,11.02,33.31,0
2.99,10.6,31.66,1
0.1,0.5,0.05,1
4.06,16.64,67.58,1
2.82,12.49,35.22,1
1.5,5.79,8.68,1
3.15,12.77,40.22,1
3.45,13.13,45.25,1
0.1,0.5,0.05,1
0.21,1.99,0.42,1
3.48,12.73,44.29,1
2.8,11.88,33.3,1
3.74,15.24,56.94,1
0.38,1.93,0.73,0
0.86,4.74,4.08,1
0.1,2.17,0.22,0
0.76,2.75,2.09,0
3.5,12.65,44.28,1
1.61,4.61,7.4,0
1.28,6.65,8.49,0
0.34,0.94,0.32,0
3.1,12.67,39.21,1
4.66,17.1,79.62,0
3.11,13.04,40.55,1
3.56,12.95,46.06,1
2.92,10.13,29.55,1
2.17,8.1,17.6,1
3.55,13.05,46.28,0
2.52,10.05,25.32,1
2.02,7.64,15.43,1
1.29,5.39,6.93,0
1.29,4.69,6.07,1
0.1,0.5,0.05,0
1.48,5.15,7.62,1
0.85,4.88,4.16,1
0.1,0.56,0.06,0
1.05,2.39,2.5,1
0.48,1.41,0.68,0
0.1,0.5,0.05,0
0.92,4.97,4.57,1
4.8,19.06,91.51,0
0.74,2.08,1.54,0
0.1,2.31,0.23,0
2.23,8.45,18.87,1
2.03,8.71,17.68,1
3.51,12.42,43.62,1
2.95,9.28,27.34,1
1.79,5.68,10.17,0
0.32,0.5,0.16,0
1.48,7.32,10.84,0
0.13,0.67,0.09,0
3.72,13.4,49.84,0
3.4,13.28,45.13,1
0.1,0.53,0.05,0
2.67,10.63,28.33,1
0.77,3.89,3.0,1
4.27,15.99,68.24,1
0.77,2.23,1.72,0
2.83,11.41,32.27,1
0.78,3.6,2.79,1
0.3,1.22,0.37,1
2.79,12.34,34.42,1
0.55,1.75,0.97,0
1.35,4.41,5.96,0
1.52,6.13,9.34,1
4.56,16.78,76.45,0
0.59,2.64,1.56,0
1.36,4.48,6.08,1
1.67,6.02,10.05,0
0.24,2.43,0.59,0
0.1,0.5,0.05,0
0.1,0.5,0.05,0
4.02,16.2,65.06,1
0.1,0.5,0.05,0
0.8,2.47,1.97,0
1.44,5.95,8.6,1
3.11,12.56,39.05,1
3.2,13.14,42.09,0
2.13,7.48,15.89,1
0.42,2.09,0.88,0
4.12,15.26,62.81,1
1.86,6.6,12.3,0
3.14,12.9,40.55,1
0.34,0.87,0.3,1
2.46,9.57,23.52,0
2.22,8.56,18.98,1
2.68,9.32,24.95,1
4.35,17.29,75.12,0
0.29,1.54,0.44,0
1.09,2.54,2.76,1
1.08,4.31,4.63,0
3.16,11.38,35.94,1
3.42,13.87,47.42,1
0.74,1.64,1.21,1
1.26,4.5,5.66,1
2.92,11.39,33.26,1
4.04,15.4,62.22,1
1.27,5.43,6.9,0
2.8,9.44,26.48,0
3.46,14.48,50.15,1
0.57,2.57,1.45,0
0.17,1.74,0.3,1
4.87,19.2,93.51,0
4.15,15.75,65.33,1
0.21,0.5,0.11,0
3.75,13.78,51.63,1
0.1,1.65,0.17,0
0.1,1.49,0.15,1
0.26,0.5,0.13,0
4.14,13.49,55.88,0
3.93,14.76,58.01,1
3.81,14.27,54.42,1
4.51,16.93,76.34,0
4.44,17.3,76.87,1
0.3,1.83,0.54,1
0.1,1.17,0.12,0
0.1,0.74,0.07,0
0.1,0.5,0.05,0
1.01,3.58,3.62,1
0.22,2.69,0.6,0
2.71,10.58,28.62,1
3.25,12.64,41.06,1
1.55,6.17,9.57,1
0.61,2.64,1.6,1
1.13,2.4,2.71,0
0.94,3.4,3.21,1
3.13,11.85,37.03,1
0.1,1.41,0.14,1
0.1,0.5,0.05,0
0.34,0.5,0.17,1
0.89,3.74,3.35,0
0.72,2.09,1.51,1
0.82,2.15,1.77,0
1.61,5.45,8.78,0
0.1,0.81,0.08,1
4.84,19.38,93.73,1
2.81,11.05,31.02,1
3.67,14.47,53.15,0
4.81,18.65,89.72,1
3.15,12.06,38.03,1
3.07,12.24,37.62,1
3.86,12.72,49.07,1
0.23,0.95,0.22,0
1.05,3.15,3.31,0
3.92,15.81,61.89,0
1.41,5.25,7.42,1
3.93,14.96,58.8,0
4.39,15.49,68.06,0
3.33,13.46,44.8,1
1.19,5.01,5.93,0
2.81,11.13,31.27,1
3.33,12.02,40.09,1
4.26,15.57,66.32,1
0.1,0.56,0.06,1
0.1,0.5,0.05,1
1.24,5.04,6.23,0
0.97,1.96,1.9,1
1.56,5.53,8.61,0
3.04,13.0,39.57,0
2.15,8.5,18.24,1
1.67,6.49,10.84,0
0.1,1.97,0.2,1
3.44,11.2,38.49,1
0.1,0.5,0.05,1
0.87,2.98,2.58,0
1.14,5.01,5.71,0
0.74,3.53,2.62,1
3.29,11.82,38.91,1
0.82,3.93,3.24,0
4.0,14.88,59.5,1
2.95,12.18,35.93,1
3.39,12.06,40.91,1
0.95,3.52,3.36,0
3.82,14.12,53.93,1
0.41,2.41,0.99,0
0.1,0.5,0.05,1
0.63,2.34,1.46,1
0.87,3.72,3.25,0
4.59,17.88,82.06,1
1.0,4.51,4.52,1
3.01,11.59,34.86,1
0.54,1.72,0.93,1
1.35,4.84,6.52,1
4.28,16.28,69.62,1
3.49,13.46,46.99,1
4.28,16.14,69.06,1
4.57,17.37,79.36,1
0.86,2.05,1.77,1
3.25,12.9,41.96,1
0.25,1.11,0.28,1
2.88,11.73,33.74,1
0.47,1.77,0.83,1
2.96,9.86,29.22,1
4.36,16.27,70.89,1
2.67,9.97,26.57,1
0.14,1.14,0.16,1
0.81,1.41,1.13,1
0.42,1.62,0.68,1
0.94,3.97,3.72,1
3.57,13.05,46.66,0
3.19,12.19,38.92,1
1.03,3.43,3.54,1
1.84,6.41,11.8,1
0.77,2.62,2.03,1
1.25,4.17,5.2,0
1.14,4.89,5.58,1
1.19,3.94,4.69,0
2.62,9.23,24.15,1
3.67,15.38,56.5,1
0.87,4.07,3.54,0
1.2,3.07,3.68,0
1.5,5.11,7.68,0
2.72,10.53,28.63,0
0.1,0.64,0.06,0
0.85,2.03,1.73,1
0.65,3.38,2.18,0
4.35,17.21,74.94,1
1.18,4.88,5.76,1
0.1,1.47,0.15,1
2.53,9.97,25.23,0
4.22,16.41,69.34,1
3.31,13.83,45.8,1
5.14,20.43,105.1,1
3.32,11.95,39.69,1
1.52,6.29,9.57,0
1.28,4.32,5.52,1
0.64,2.83,1.81,1
3.73,14.55,54.23,0
0.1,0.5,0.05,0
2.42,9.09,21.97,0
0.79,3.21,2.53,0
0.86,2.9,2.48,1
0.38,1.69,0.64,0
1.86,7.73,14.4,0
0.1,0.5,0.05,0
0.67,2.71,1.8,1
1.32,6.13,8.1,1
0.1,0.76,0.08,1
0.12,0.6,0.07,1
3.34,11.91,39.71,1
0.1,0.92,0.09,1
0.1,0.64,0.06,1
1.28,5.88,7.52,1
0.96,3.68,3.52,1
0.61,0.88,0.54,1
2.43,7.89,19.22,1
1.11,4.82,5.37,1
3.65,13.41,48.94,1
1.01,4.19,4.24,0
4.57,17.45,79.74,1
4.7,17.71,83.16,1
3.54,13.38,47.39,1
0.1,0.5,0.05,0
2.83,10.73,30.33,1
0.57,1.69,0.96,0
0.81,2.78,2.25,0
2.02,7.41,14.94,0
3.71,13.92,51.65,1
1.21,5.34,6.46,0
0.5,1.79,0.89,1
1.37,6.03,8.26,0
0.5,3.13,1.57,0
2.6,10.55,27.39,0
0.9,3.85,3.46,1
2.95,11.46,33.8,0
1.89,7.89,14.94,0
0.24,0.99,0.24,0
0.83,3.93,3.25,0
0.36,1.87,0.68,1
1.16,4.1,4.74,1
3.02,12.2,36.86,1
3.87,14.77,57.14,1
3.24,12.23,39.67,1
0.2,0.5,0.1,0
3.72,14.26,52.98,1
0.47,2.58,1.21,0
3.49,13.96,48.65,1
3.05,11.88,36.28,0
2.08,8.37,17.38,1
2.01,8.66,17.4,0
0.33,1.12,0.36,1
3.46,12.26,42.44,1
4.18,16.94,70.85,1
3.82,14.09,53.83,1
0.8,2.48,1.98,1
0.27,0.5,0.13,0
0.21,1.27,0.27,0
3.85,13.31,51.2,1
3.43,12.43,42.6,1
4.34,16.96,73.61,1
3.88,15.33,59.52,1
3.12,11.34,35.4,1
3.39,12.79,43.38,1
3.01,10.73,32.26,1
0.66,2.05,1.35,0
2.08,8.12,16.88,0
3.95,14.61,57.71,1
3.17,11.85,37.56,1
4.05,14.23,57.67,1
3.19,13.01,41.46,1
0.78,3.37,2.63,0
0.47,2.41,1.13,0
1.15,5.39,6.18,0
1.19,3.86,4.59,1
3.14,11.64,36.53,1
4.04,13.83,55.86,0
2.96,13.75,40.69,1
3.65,13.77,50.32,1
1.83,7.78,14.21,0
2.99,10.38,31.08,1
1.22,5.45,6.67,1
3.4,14.39,48.89,1
3.72,14.1,52.5,1
3.45,12.32,42.53,1
0.48,1.73,0.84,0
0.55,0.5,0.28,1
4.05,15.37,62.28,0
0.56,2.77,1.55,0
0.1,0.5,0.05,1
0.76,2.67,2.04,0
3.19,12.54,39.97,0
1.01,4.32,4.36,0
0.1,0.5,0.05,1
0.95,3.66,3.46,1
3.2,14.1,45.1,1
0.91,2.4,2.2,0
3.79,14.32,54.2,1
0.1,1.93,0.19,0
0.1,1.26,0.13,1
2.04,7.36,15.04,0
3.09,11.9,36.74,1
0.58,2.2,1.28,1
1.46,4.96,7.27,1
0.5,1.84,0.92,0
1.25,4.51,5.63,1
1.38,5.33,7.35,1
3.86,14.05,54.2,1
0.22,0.5,0.11,1
0.73,2.76,2.03,0
0.6,3.67,2.22,0
0.41,1.64,0.68,1
3.82,14.24,54.36,0
3.29,13.1,43.05,1
3.13,11.77,36.84,1
3.16,13.51,42.75,1
1.5,5.68,8.51,0
0.21,1.35,0.28,0
2.93,10.53,30.86,0
0.86,3.66,3.13,0
3.56,13.76,49.06,1
2.41,9.12,21.99,1
2.78,10.16,28.21,1
0.1,0.5,0.05,0
0.34,1.52,0.52,0
1.07,4.56,4.86,1
0.1,0.5,0.05,1
0.23,1.11,0.26,0
0.55,2.05,1.13,0
2.68,10.27,27.56,1
1.88,6.98,13.1,0
0.1,0.5,0.05,0
0.87,5.47,4.76,1
2.93,11.39,33.38,1
1.89,7.7,14.57,1
1.77,7.07,12.52,1
1.34,4.87,6.5,1
0.1,1.42,0.14,1
3.63,13.57,49.28,0
5.12,20.32,104.12,0
0.79,2.74,2.16,0
3.78,13.59,51.32,1
4.52,17.45,78.79,0
3.15,11.09,34.94,0
0.1,0.81,0.08,1
0.41,0.59,0.24,0
4.01,14.98,60.04,0
3.82,13.37,51.09,0
1.54,8.1,12.44,1
0.96,2.31,2.21,1
2.92,11.1,32.41,1
4.42,17.71,78.24,1
0.47,2.61,1.22,0
0.1,1.06,0.11,0
3.13,11.65,36.5,1
0.79,4.07,3.21,1
3.51,14.05,49.26,0
3.68,14.15,52.05,1
0.1,0.57,0.06,1
3.9,14.58,56.84,1
0.97,2.94,2.85,1
4.23,17.05,72.04,1
2.74,11.47,31.45,1
3.14,11.23,35.26,1
3.38,12.72,43.0,1
0.1,0.5,0.05,1
1.1,4.16,4.59,0
0.75,2.89,2.16,1
1.28,5.62,7.2,0
0.1,0.5,0.05,0
0.16,0.5,0.08,1
2.55,10.68,27.23,0
3.85,14.27,54.98,0
0.1,0.5,0.05,1
4.28,15.86,67.82,1
0.9,3.15,2.83,1
4.11,16.84,69.15,1
0.27,1.76,0.47,1
0.1,1.3,0.13,1
0.1,1.04,0.1,0
0.1,1.14,0.11,1
0.88,2.81,2.48,0
0.17,0.5,0.08,0
1.22,3.86,4.72,0
3.16,11.85,37.5,1
1.22,5.19,6.35,0
4.19,16.05,67.32,0
2.92,12.14,35.42,1
4.15,14.84,61.53,1
1.0,4.2,4.2,1
0.19,0.5,0.09,0
3.18,12.16,38.68,1
3.45,13.69,47.19,1
1.44,5.31,7.66,0
0.3,1.6,0.49,1
3.5,12.52,43.8,1
0.85,1.92,1.64,0
2.84,11.26,32.02,1
0.82,4.49,3.66,1
3.42,12.21,41.81,1
3.22,13.2,42.45,0
4.43,16.87,74.7,1
4.25,15.06,63.96,0
0.79,2.08,1.63,1
0.25,0.95,0.24,1
0.57,1.85,1.06,1
0.29,0.5,0.14,0
3.21,10.83,34.75,0
3.88,14.07,54.62,0
0.1,0.54,0.05,0
1.03,3.9,4.0,1
3.36,12.36,41.49,0
1.74,6.76,11.76,1
2.65,10.89,28.83,0
0.49,2.19,1.08,1
0.1,0.5,0.05,1
3.49,14.02,48.98,1
0.1,0.5,0.05,0
3.28,12.29,40.34,0
0.76,2.73,2.07,1
2.38,8.06,19.21,1
0.29,0.78,0.23,0
3.47,11.54,40.1,1
0.45,3.25,1.47,0
3.73,13.41,50.0,1
0.15,1.83,0.27,0
1.53,5.83,8.89,0
3.89,15.23,59.21,1
0.99,3.36,3.32,1
4.37,16.76,73.17,1
4.64,18.14,84.08,0
2.53,10.14,25.63,1
0.39,2.09,0.81,0
3.32,12.31,40.84,1
0.51,1.54,0.78,1
0.1,0.5,0.05,1
0.87,3.72,3.24,0
4.33,17.32,74.98,1
3.65,15.15,55.28,1
3.46,13.39,46.33,1
0.1,0.5,0.05,0
0.99,2.41,2.4,1
3.37,13.64,45.94,1
1.02,2.44,2.48,1
0.4,1.24,0.49,0
3.55,13.31,47.25,0
0.28,1.01,0.28,1
3.48,13.27,46.23,1
0.1,0.5,0.05,0
3.06,9.69,29.63,1
0.1,0.5,0.05,0
0.87,1.52,1.32,1
1.19,5.12,6.12,0
1.25,4.29,5.36,1
1.87,5.4,10.12,1
0.67,1.89,1.26,0
0.19,0.5,0.1,0
3.32,13.56,45.0,1
1.14,4.5,5.14,0
3.97,15.37,61.07,1
0.35,2.27,0.79,1
0.34,1.21,0.41,1
0.1,0.98,0.1,0
3.37,13.36,45.06,1
3.08,10.68,32.93,1
2.98,12.51,37.33,1
0.68,1.46,0.99,1
3.54,14.19,50.23,1
0.52,0.75,0.39,1
1.5,6.19,9.29,1
3.17,13.54,42.96,1
0.67,2.36,1.57,0
2.65,9.85,26.07,1
0.1,0.87,0.09,1
0.68,2.31,1.56,1
4.12,17.11,70.52,1
0.97,3.85,3.75,1
0.1,0.5,0.05,1
0.37,0.99,0.37,0
1.01,3.09,3.11,0
0.84,2.67,2.23,0
0.17,0.5,0.08,1
2.4,8.72,20.92,1
1.55,5.36,8.3,1
0.91,5.12,4.64,1
2.8,9.83,27.54,1
3.96,15.18,60.17,1
2.55,10.15,25.83,0
3.15,12.48,39.33,1
4.03,15.27,61.56,0
0.97,3.49,3.39,0
0.99,4.14,4.12,1
0.53,2.24,1.2,1
2.78,10.36,28.79,1
3.25,11.11,36.13,1
2.79,10.23,28.57,1
0.1,0.5,0.05,0
0.55,1.56,0.86,0
1.06,4.06,4.3,1
1.39,5.58,7.78,1
0.1,1.8,0.18,1
0.62,1.91,1.17,0
0.22,1.46,0.32,1
4.23,16.32,69.03,1
1.38,6.28,8.67,1
1.95,7.86,15.32,0
2.71,9.47,25.63,1
1.39,3.89,5.39,1
4.4,16.96,74.62,1
1.01,3.42,3.47,0
3.85,13.86,53.4,1
0.15,0.5,0.07,0
3.31,12.69,41.95,1
1.08,5.31,5.72,1
1.44,5.14,7.4,0
0.94,4.04,3.79,1
0.1,0.5,0.05,0
0.67,1.52,1.02,0
0.22,1.42,0.31,0
2.83,9.88,27.96,1
0.77,2.96,2.29,1
3.64,13.58,49.49,1
1.07,4.77,5.09,0
3.13,11.06,34.64,1
2.77,10.85,30.09,0
1.74,5.94,10.33,1
2.25,8.15,18.34,1
2.91,8.14,23.66,1
0.88,5.03,4.45,1
3.63,14.23,51.67,1
3.55,12.89,45.8,1
0.8,2.14,1.71,0
3.85,14.23,54.74,0
4.4,17.28,75.95,1
0.92,2.0,1.85,1
4.4,16.61,73.08,1
3.08,13.11,40.32,1
0.56,1.21,0.68,1
2.72,10.39,28.24,0
0.81,4.84,3.91,1
3.81,14.98,57.09,0
0.91,3.56,3.24,0
0.1,0.79,0.08,1
3.07,11.34,34.82,1
3.75,15.28,57.26,1
3.69,13.7,50.55,1
3.47,11.61,40.25,1
3.46,12.82,44.31,1
3.18,11.32,36.03,1
0.98,3.51,3.45,1
0.73,2.58,1.89,1
3.43,14.0,48.04,1
1.27,5.37,6.79,0
3.18,12.31,39.18,1
1.81,6.89,12.5,0
1.06,3.2,3.4,0
2.81,8.92,25.01,1
3.71,14.19,52.68,1
1.38,5.88,8.1,1
0.1,0.5,0.05,0
2.96,10.81,31.99,1
3.42,13.36,45.68,0
0.34,1.21,0.4,1
0.38,2.79,1.06,0
0.92,4.5,4.16,1
1.93,8.1,15.64,0
2.88,11.54,33.23,0
0.88,2.3,2.01,1
1.58,6.52,10.28,0
1.44,5.76,8.28,0
0.81,3.56,2.88,0
3.87,15.11,58.55,1
0.86,3.64,3.14,0
2.11,10.18,21.49,0
0.99,3.7,3.66,0
0.1,1.13,0.11,0
0.29,0.71,0.2,0
3.6,14.32,51.58,1
2.59,10.58,27.39,1
4.66,17.99,83.74,1
3.51,14.68,51.53,1
0.59,1.52,0.89,0
4.61,17.12,78.88,1
0.65,2.66,1.74,1
4.41,17.47,77.09,1
2.89,11.11,32.08,1
4.39,17.72,77.81,1
2.71,9.78,26.54,1
0.36,0.5,0.18,0
1.17,4.69,5.48,1
3.52,13.32,46.9,0
0.33,1.69,0.56,1
0.44,1.66,0.73,1
3.69,13.75,50.71,1
0.1,0.5,0.05,0
1.09,4.15,4.5,0
2.6,9.65,25.12,1
3.49,13.1,45.7,1
2.81,10.34,29.03,0
0.22,1.52,0.34,0
4.45,17.07,75.95,0
3.17,13.86,43.94,1
4.13,15.83,65.44,0
4.1,15.16,62.2,1
3.78,16.52,62.51,1
1.25,5.07,6.32,1
2.36,9.78,23.13,1
0.14,1.01,0.14,0
0.27,1.54,0.42,0
0.84,3.61,3.03,1
0.1,0.5,0.05,0
2.37,9.31,22.07,0
1.28,3.8,4.86,1
3.87,14.56,56.32,1
4.29,15.73,67.53,1
3.28,12.77,41.92,1
1.53,6.07,9.26,1
3.79,14.78,55.98,0
0.34,1.51,0.51,0
0.3,0.66,0.2,0
0.74,2.62,1.95,0
3.94,15.72,61.99,1
3.05,12.45,38.01,1
3.43,12.13,41.67,1
1.2,3.32,3.97,0
1.23,4.11,5.06,1
4.02,16.12,64.85,1
4.18,16.87,70.55,1
0.1,0.5,0.05,1
0.75,3.09,2.31,0
4.53,18.69,84.68,1
3.3,12.89,42.6,1
0.44,2.8,1.22,0
1.75,7.47,13.11,0
0.41,0.83,0.34,0
0.6,2.13,1.28,0
1.82,6.94,12.61,1
0.1,0.5,0.05,0
0.96,4.38,4.2,0
0.16,0.93,0.15,0
4.08,13.14,53.54,1
2.82,9.68,27.31,1
0.61,0.58,0.36,0
0.2,0.9,0.18,0
2.59,10.04,25.99,1
4.15,15.99,66.29,1
3.16,11.24,35.52,1
1.05,4.53,4.76,1
0.2,1.35,0.28,1
0.51,0.95,0.49,1
0.85,2.05,1.75,1
4.78,18.17,86.88,1
0.1,1.81,0.18,0
0.53,3.36,1.77,0
4.59,17.9,82.22,1
4.79,17.6,84.21,1
3.3,13.26,43.76,0
1.2,4.22,5.08,1
1.34,4.47,5.97,1
2.85,9.13,26.04,1
3.81,14.54,55.35,1
1.59,5.55,8.83,1
3.82,14.61,55.86,1
3.38,10.99,37.08,1
3.65,14.0,51.07,1
4.79,16.28,78.04,1
2.94,12.03,35.35,1
0.67,2.95,1.96,1
3.29,12.27,40.32,1
0.47,2.24,1.06,1
3.49,12.49,43.59,1
3.32,12.66,41.97,1
0.84,3.81,3.18,0
0.1,0.5,0.05,0
1.17,4.1,4.81,0
2.99,11.34,33.88,1
3.88,14.59,56.64,1
3.55,14.64,51.93,1
2.69,9.32,25.07,1
0.8,2.56,2.06,0
0.72,1.2,0.86,1
1.8,8.06,14.52,1
1.23,4.47,5.5,0
0.61,1.98,1.22,1
4.14,15.69,64.95,0
3.42,13.51,46.2,1
0.1,0.66,0.07,1
1.63,8.3,13.52,0
0.1,0.74,0.07,1
0.35,0.95,0.33,1
4.25,15.7,66.7,1
3.4,12.61,42.91,1
0.1,0.5,0.05,0
1.16,4.43,5.13,1
2.9,11.64,33.72,1
3.25,11.86,38.57,1
4.33,15.8,68.39,1
0.1,1.59,0.16,0
0.63,1.26,0.8,1
1.04,2.31,2.41,0
1.02,2.96,3.02,1
0.87,2.06,1.79,0
0.2,1.07,0.22,0
0.1,0.5,0.05,1
3.38,12.67,42.83,1
3.25,13.29,43.23,1
0.84,2.62,2.19,0
3.2,12.77,40.83,0
1.45,6.73,9.78,0
0.1,0.5,0.05,1
3.64,14.43,52.54,1
1.6,5.89,9.42,0
0.54,2.79,1.51,1
3.52,12.11,42.63,1
0.1,0.5,0.05,0
2.96,10.92,32.26,1
3.01,10.72,32.27,1
0.49,1.46,0.72,1
3.48,13.05,45.45,1
0.1,0.96,0.1,0
3.67,13.63,50.06,0
0.1,0.5,0.05,1
0.58,1.91,1.1,1
0.93,2.94,2.75,1
2.78,9.81,27.28,1
3.14,10.63,33.36,1
3.11,11.88,36.94,1
4.23,15.62,66.04,1
0.1,1.15,0.12,1
3.01,10.27,30.86,1
0.12,0.5,0.06,0
3.22,13.7,44.16,1
5.08,18.54,94.14,1
0.1,0.5,0.05,1
3.6,12.7,45.7,1
0.1,0.5,0.05,0
3.04,12.79,38.87,1
0.47,1.91,0.9,0
0.62,2.45,1.51,0
1.32,3.64,4.8,0
0.1,0.67,0.07,0
0.55,3.03,1.68,0
2.9,11.92,34.53,1
4.7,18.38,86.29,1
0.32,0.5,0.16,1
0.58,2.47,1.44,1
1.43,5.95,8.48,1
3.34,11.27,37.66,1
0.95,2.7,2.56,1
3.31,13.28,43.92,1
2.68,10.88,29.15,1
3.04,10.31,31.32,1
0.49,2.49,1.22,1
3.13,11.97,37.48,1
2.74,11.03,30.2,0
3.98,14.61,58.14,1
1.63,6.72,10.96,0
3.95,15.68,61.92,1
0.78,2.66,2.07,1
4.38,16.66,72.98,1
0.65,1.96,1.28,1
0.1,1.7,0.17,1
0.1,0.5,0.05,1
3.78,13.61,51.37,1
2.79,10.03,27.99,1
0.7,2.77,1.95,1
3.03,12.12,36.72,1
4.81,17.22,82.84,1
3.8,15.92,60.5,1
1.99,7.8,15.5,1
0.1,0.75,0.08,1
1.07,3.98,4.25,0
0.64,2.46,1.58,0
3.74,14.1,52.73,1
3.13,12.72,39.85,0
3.99,15.14,60.37,0
0.91,4.08,3.71,1
0.66,2.18,1.45,0
2.87,11.04,31.64,1
1.56,5.27,8.21,0
0.58,3.19,1.87,1
2.93,10.47,30.68,1
3.93,14.69,57.77,0
1.86,6.81,12.65,1
5.04,18.86,95.03,1
1.84,7.56,13.89,1
2.94,10.94,32.21,1
3.16,13.13,41.54,1
0.1,0.5,0.05,0
1.57,6.11,9.6,1
2.68,9.55,25.58,1
0.1,0.72,0.07,0
1.59,6.04,9.63,1
0.1,0.5,0.05,0
4.17,16.81,70.13,0
0.96,3.14,3.02,1
3.03,11.97,36.24,1
5.36,19.77,106.06,0
3.65,13.94,50.82,1
0.96,2.71,2.61,1
5.59,20.72,115.85,0
3.75,14.17,53.05,1
3.33,14.12,47.06,1
2.32,8.88,20.56,1
1.32,6.33,8.32,0
0.29,1.27,0.36,0
1.04,3.63,3.76,1
0.1,1.61,0.16,1
1.28,5.22,6.7,0
3.27,11.9,38.88,1
0.73,3.13,2.27,1
2.7,10.04,27.17,0
2.3,7.16,16.47,1
0.1,1.13,0.11,0
3.23,13.16,42.55,0
0.1,1.85,0.19,0
5.05,19.53,98.62,1
0.24,0.71,0.17,1
1.36,5.82,7.89,1
0.1,1.06,0.11,0
4.15,17.09,70.99,1
0.1,0.5,0.05,0
0.1,0.5,0.05,0
3.46,12.57,43.44,1
3.24,12.73,41.19,1
0.65,1.24,0.81,1
3.12,12.48,38.94,0
3.37,13.26,44.65,0
4.14,16.2,67.06,1
3.34,12.78,42.63,1
3.86,15.91,61.5,1
5.08,20.01,101.68,0
1.78,6.28,11.18,1
3.22,11.77,37.93,1
3.58,12.91,46.23,1
0.1,0.82,0.08,0
1.55,5.09,7.89,0
0.13,1.37,0.18,0
0.1,1.44,0.14,0
1.07,3.36,3.6,0
2.2,8.22,18.11,1
3.24,12.31,39.83,1
1.09,4.86,5.32,0
0.1,1.67,0.17,1
4.95,17.47,86.55,1
4.77,17.89,85.4,0
0.89,3.17,2.82,1
0.1,0.5,0.05,0
4.77,17.73,84.52,0
3.49,13.6,47.46,1
4.27,16.0,68.28,1
0.51,0.71,0.36,1
4.35,18.82,81.84,1
0.22,1.06,0.23,0
1.37,5.31,7.3,1
1.29,4.01,5.16,0
3.55,13.7,48.65,1
2.25,8.43,19.0,1
0.1,0.5,0.05,0
4.63,16.74,77.54,1
0.39,2.13,0.84,0
4.25,17.7,75.17,0
3.57,13.85,49.42,1
0.1,1.26,0.13,1
0.68,2.47,1.68,0
2.45,9.24,22.65,0
1.19,5.39,6.41,0
3.51,14.66,51.44,1
4.26,17.22,73.33,1
0.44,0.83,0.37,1
0.59,2.2,1.3,1
0.9,3.64,3.27,1
0.46,1.55,0.72,0
1.36,5.46,7.41,1
0.97,4.36,4.24,1
1.08,4.9,5.3,0
0.1,1.73,0.17,0
3.18,11.84,37.69,1
0.1,0.5,0.05,1
0.38,1.71,0.64,1
0.1,1.89,0.19,0
5.28,19.69,104.02,0
1.11,4.77,5.3,1
3.34,13.24,44.16,1
3.76,14.44,54.25,1
2.77,10.53,29.18,1
1.65,5.53,9.11,0
1.62,4.34,7.05,0
4.11,14.71,60.39,0
3.9,14.52,56.7,1
2.71,11.17,30.23,1
3.12,11.77,36.74,1
0.86,2.84,2.43,1
0.1,0.5,0.05,1
3.18,12.6,40.03,0
1.29,5.99,7.72,1
3.05,12.43,37.86,1
1.04,4.44,4.62,0
2.82,9.54,26.93,0
1.72,6.26,10.78,0
3.26,13.94,45.41,1
2.84,11.67,33.09,0
3.87,13.49,52.22,0
0.1,0.5,0.05,0
1.69,6.73,11.41,0
1.76,6.1,10.76,1
3.19,10.28,32.83,1
3.96,15.11,59.77,1
0.46,1.12,0.52,1
2.32,8.18,18.95,0
1.48,5.34,7.9,1
0.26,0.86,0.22,1
2.36,8.96,21.13,0
0.79,2.31,1.83,0
0.62,2.16,1.33,0
0.44,0.5,0.22,1
0.1,0.63,0.06,1
0.25,0.5,0.13,0
3.49,13.02,45.41,1
1.25,5.48,6.84,1
1.11,3.39,3.78,1
1.41,5.92,8.32,1
0.99,4.69,4.65,1
0.83,0.5,0.42,1
0.37,1.27,0.46,1
0.82,0.81,0.67,0
0.78,2.87,2.24,1
0.1,0.5,0.05,0
2.95,9.24,27.28,1
0.88,4.9,4.33,1
1.44,5.69,8.19,0
0.74,2.12,1.56,0
0.86,4.42,3.79,0
0.1,0.5,0.05,0
1.81,5.88,10.61,1
3.37,10.98,37.02,1
0.1,1.82,0.18,0
1.24,4.99,6.22,1
2.98,11.86,35.34,0
4.93,18.99,93.66,0
3.56,13.99,49.84,1
0.11,0.5,0.06,1
2.08,8.12,16.9,0
0.1,0.5,0.05,0
0.69,2.14,1.48,0
0.1,0.5,0.05,0
3.87,14.91,57.62,1
0.1,0.5,0.05,1
0.1,0.5,0.05,0
3.27,11.35,37.1,1
1.62,7.02,11.39,1
4.08,15.26,62.26,0
3.86,15.15,58.57,1
2.99,10.47,31.26,1
1.86,5.9,10.97,1
2.4,8.45,20.31,1
1.39,5.12,7.14,0
3.53,12.87,45.37,1
0.33,2.29,0.75,1
0.1,0.52,0.05,1
0.61,3.81,2.34,0
2.15,8.51,18.34,1
0.34,0.5,0.17,0
3.78,15.21,57.53,0
3.21,10.98,35.21,0
0.82,3.31,2.73,1
4.18,15.26,63.77,1
0.1,2.09,0.21,0
4.42,17.94,79.27,1
0.96,3.07,2.97,1
3.37,12.69,42.75,1
1.34,5.3,7.13,1
0.1,1.07,0.11,0
0.72,2.74,1.96,0
3.24,11.49,37.23,1
0.79,2.41,1.9,0
2.63,9.99,26.28,1
0.46,2.75,1.27,0
2.62,10.28,26.89,0
0.67,1.93,1.29,0
3.63,14.31,51.92,1
2.6,9.58,24.91,1
1.82,7.61,13.83,0
0.33,3.29,1.1,1
4.04,15.05,60.76,1
1.19,5.18,6.18,0
0.1,0.5,0.05,0
3.53,13.32,46.98,1
0.1,0.5,0.05,0
0.32,1.06,0.34,1
2.99,13.34,39.91,1
3.58,13.35,47.74,1
0.67,3.0,2.0,1
1.16,2.87,3.34,0
2.94,11.51,33.82,1
2.99,12.29,36.8,0
0.58,1.78,1.03,1
1.5,3.7,5.56,1
3.16,11.97,37.78,1
3.99,15.18,60.55,0
0.28,1.63,0.45,0
0.54,3.67,1.99,1
4.18,15.58,65.16,1
3.23,11.59,37.45,1
1.6,5.16,8.27,0
0.1,0.54,0.05,0
1.23,5.05,6.19,0
4.31,15.94,68.71,1
4.22,16.66,70.34,1
0.99,4.15,4.12,0
3.05,11.63,35.47,1
1.28,4.14,5.3,1
4.06,15.03,60.96,1
0.61,0.5,0.31,1
0.1,0.57,0.06,0
0.23,0.88,0.2,0
0.72,2.9,2.1,0
0.43,2.03,0.87,1
3.64,14.13,51.4,1
3.72,14.05,52.24,0
3.21,12.23,39.22,1
0.1,0.5,0.05,1
1.35,4.68,6.33,1
0.1,0.5,0.05,1
2.17,7.65,16.58,1
3.55,14.2,50.46,0
0.81,2.56,2.08,0
1.52,5.94,9.0,1
1.58,6.11,9.68,1
3.1,12.37,38.33,1
3.68,14.71,54.17,1
0.1,0.94,0.09,0
4.39,15.01,65.91,1
0.51,2.89,1.47,1
1.53,7.03,10.74,1
4.06,15.04,61.02,1
0.14,0.74,0.11,0
0.1,0.5,0.05,0
1.48,4.06,6.01,0
0.98,3.13,3.07,1
3.0,10.98,32.95,1
0.1,0.5,0.05,1
1.44,4.69,6.74,0
0.98,3.14,3.07,1
2.97,11.26,33.41,1
4.16,15.18,63.06,1
0.1,0.81,0.08,1
3.92,15.45,60.6,1
0.65,4.37,2.83,0
1.32,5.91,7.8,0
1.46,5.75,8.41,1
1.01,3.33,3.35,0
2.91,11.27,32.75,1
4.1,15.83,64.84,0
1.56,5.51,8.57,1
0.1,1.01,0.1,1
3.45,11.98,41.27,1
0.1,0.5,0.05,0
0.83,3.59,2.97,0
1.43,5.2,7.43,1
3.29,12.32,40.47,1
3.11,11.72,36.51,1
3.58,12.95,46.44,0
0.1,1.32,0.13,0
1.2,3.74,4.48,0
3.77,14.57,54.87,1
0.33,1.57,0.52,1
0.53,1.26,0.67,1
0.1,0.5,0.05,1
0.19,0.5,0.09,0
3.34,13.82,46.19,1
2.49,8.55,21.27,0
0.2,0.5,0.1,1
3.71,13.12,48.68,1
1.31,3.89,5.09,0
0.97,4.97,4.84,1
3.64,14.26,51.87,1
0.1,0.5,0.05,0
2.17,7.7,16.68,0
4.16,16.52,68.64,0
5.19,19.07,98.99,1
2.19,8.94,19.56,0
3.15,11.28,35.56,0
0.1,0.5,0.05,0
3.6,14.29,51.43,1
0.33,1.96,0.66,1
0.4,1.99,0.79,1
0.61,1.46,0.88,1
3.19,11.78,37.62,1
2.03,7.85,15.94,0
0.1,0.5,0.05,1
3.06,12.71,38.87,0
0.33,0.5,0.17,1
0.42,0.96,0.4,0
1.07,3.67,3.93,1
0.59,0.5,0.29,1
0.1,0.5,0.05,1
0.1,0.88,0.09,0
3.21,12.23,39.31,1
3.96,16.31,64.62,1
3.13,13.14,41.19,0
2.77,10.88,30.15,1
1.04,4.22,4.4,1
1.47,5.65,8.32,1
1.41,3.24,4.56,1
0.1,0.5,0.05,0
4.5,17.18,77.28,0
1.36,5.67,7.73,1
1.2,4.79,5.74,1
5.49,20.15,110.62,0
3.81,15.21,57.91,0
3.54,14.64,51.86,1
1.31,5.72,7.49,1
1.26,5.57,7.02,1
4.37,16.15,70.54,0
3.89,15.63,60.79,0
3.98,15.25,60.73,1
0.57,2.58,1.47,1
2.21,8.68,19.16,0
5.46,20.64,112.64,0
4.73,17.29,81.83,1
0.59,2.16,1.27,1
0.58,3.01,1.76,0
4.81,17.93,86.31,0
0.8,3.77,3.02,1
0.1,0.97,0.1,1
2.4,8.87,21.28,1
2.44,10.36,25.24,0
0.95,3.31,3.14,1
3.3,13.75,45.4,1
0.17,1.01,0.18,0
3.22,12.24,39.46,1
6.17,22.74,140.29,0
3.24,12.24,39.64,1
2.01,7.48,15.05,0
1.02,2.87,2.92,1
1.43,5.26,7.51,1
0.94,2.93,2.76,0
1.38,5.72,7.91,1
4.11,16.66,68.49,1
3.48,12.24,42.62,0
0.77,4.31,3.33,0
0.78,2.86,2.22,0
1.77,5.93,10.49,1
4.36,17.17,74.86,1
1.09,3.8,4.16,1
1.21,4.54,5.51,0
0.1,0.5,0.05,0
2.94,10.52,30.93,1
1.56,6.49,10.1,0
0.44,1.44,0.63,1
0.38,0.5,0.19,1
1.25,5.2,6.52,0
5.35,19.36,103.53,0
1.48,4.69,6.94,0
3.26,13.36,43.59,1
0.1,0.5,0.05,0
0.56,0.5,0.28,0
2.65,10.57,28.0,0
4.31,16.14,69.6,1
0.78,2.81,2.2,1
0.58,1.96,1.14,1
0.1,0.57,0.06,1
4.07,14.87,60.55,0
3.91,16.06,62.85,1
0.24,0.5,0.12,1
3.53,13.75,48.49,1
1.5,6.23,9.36,1
0.45,1.09,0.49,0
0.87,2.5,2.19,1
0.88,4.14,3.62,0
0.65,1.7,1.11,0
5.2,19.26,100.13,1
3.23,12.99,42.0,0
2.27,8.67,19.7,0
1.63,4.76,7.76,1
0.91,4.85,4.41,0
1.13,3.86,4.34,0
0.66,2.17,1.43,0
1.19,4.73,5.64,1
3.16,12.5,39.45,0
5.04,20.73,104.49,0
1.07,2.74,2.92,0
1.16,5.05,5.84,0
5.07,19.87,100.82,1
1.05,3.87,4.05,0
0.1,1.01,0.1,1
0.9,4.16,3.73,0
4.97,17.76,88.19,1
1.57,7.38,11.63,1
3.72,12.91,48.07,1
3.2,11.27,36.12,0
0.52,1.76,0.91,0
0.1,1.92,0.19,0
1.27,4.58,5.81,1
1.22,4.6,5.59,0
1.08,5.24,5.64,0
1.0,3.55,3.55,1
0.1,0.5,0.05,1
0.1,0.5,0.05,1
3.41,14.05,47.89,1
3.36,12.84,43.19,1
0.1,1.92,0.19,1
3.5,13.9,48.69,1
3.44,12.55,43.15,1
2.78,10.62,29.56,1
1.44,4.8,6.92,0
2.27,8.08,18.34,0
0.1,3.96,0.4,1
0.1,1.19,0.12,1
3.52,14.07,49.55,0
0.26,0.5,0.13,0
1.66,7.57,12.58,1
2.59,10.72,27.75,1
3.65,15.38,56.14,0
0.1,1.85,0.18,0
1.4,4.14,5.8,1
4.22,15.14,63.86,1
1.02,3.06,3.1,1
0.85,2.47,2.1,1
0.98,4.0,3.94,1
2.07,7.4,15.3,0
0.1,2.04,0.2,1
1.61,7.64,12.31,1
0.94,3.55,3.32,1
0.62,3.91,2.41,1
0.67,3.74,2.5,1
3.82,14.16,54.09,1
0.27,0.5,0.14,0
0.1,0.5,0.05,0
1.55,5.39,8.39,1
3.29,12.65,41.56,1
2.77,10.62,29.46,1
0.24,0.95,0.22,1
2.89,11.4,32.94,0
4.79,17.23,82.55,1
4.32,16.76,72.49,0
3.36,12.43,41.79,1
1.19,4.7,5.61,1
5.05,19.97,100.95,1
3.15,10.99,34.62,1
2.83,10.52,29.74,0
0.98,3.63,3.56,1
2.53,9.22,23.37,1
0.69,3.36,2.33,1
0.61,1.72,1.04,1
0.97,3.23,3.12,1
3.73,13.6,50.71,1
0.1,1.25,0.13,1
3.6,13.28,47.8,1
4.38,17.0,74.45,1
0.1,1.96,0.2,1
2.79,10.54,29.38,1
2.83,11.65,32.96,1
5.35,21.68,116.05,1
3.74,15.04,56.27,0
0.1,0.5,0.05,1
3.15,12.48,39.3,1
3.76,13.27,49.97,1
2.71,9.69,26.28,1
1.13,3.83,4.34,1
3.82,16.29,62.16,1
3.73,13.53,50.49,1
4.59,16.76,76.88,0
3.68,13.15,48.38,1
1.66,6.76,11.21,1
0.41,1.68,0.7,0
0.65,3.35,2.19,0
0.1,0.92,0.09,0
2.35,7.83,18.41,0
2.67,9.49,25.34,1
1.08,5.21,5.63,1
3.5,13.15,46.06,0
0.1,1.33,0.13,1
1.09,4.03,4.4,0
4.86,17.71,86.14,1
4.85,18.19,88.26,0
0.1,0.5,0.05,1
1.69,5.96,10.04,1
1.02,4.04,4.13,1
3.1,12.17,37.67,1
0.1,0.5,0.05,1
1.71,6.5,11.14,0
3.77,13.86,52.28,0
4.03,14.8,59.65,1
4.11,15.73,64.7,1
0.43,1.21,0.52,0
1.13,5.41,6.12,1
0.1,1.33,0.13,0
3.33,13.61,45.37,1
0.1,0.5,0.05,1
1.19,3.75,4.45,1
2.48,9.47,23.44,1
0.23,0.76,0.18,0
3.36,12.27,41.21,0
0.1,0.5,0.05,1
4.38,16.62,72.8,0
0.1,0.5,0.05,0
0.1,0.93,0.09,1
4.16,16.34,67.98,1
3.2,13.05,41.79,1
1.37,4.19,5.74,1
0.1,0.7,0.07,0
4.63,17.01,78.78,1
4.72,16.97,80.15,1
3.33,12.3,40.92,1
3.24,13.17,42.67,0
4.09,15.24,62.29,0
0.86,4.54,3.92,0
0.2,1.21,0.24,0
0.81,2.76,2.23,1
4.02,16.19,65.02,1
1.28,5.21,6.64,1
3.24,11.55,37.36,1
4.31,17.87,77.03,0
1.04,4.17,4.35,0
0.72,2.77,2.01,0
0.1,0.5,0.05,0
0.83,4.1,3.41,1
3.79,14.83,56.29,1
0.86,3.75,3.21,1
1.82,6.51,11.84,0
0.48,2.49,1.19,1
0.57,2.9,1.65,0
4.92,18.16,89.34,1
0.94,2.43,2.29,1
1.3,5.39,6.98,0
3.65,12.62,46.09,1
1.4,5.43,7.57,1
2.46,8.98,22.09,0
0.59,3.21,1.89,1
1.3,4.61,5.98,1
0.83,4.03,3.34,0
0.98,3.31,3.23,0
3.41,13.76,46.93,1
3.32,14.28,47.48,1
0.1,0.5,0.05,0
0.42,1.84,0.78,1
2.2,10.56,23.24,0
0.86,3.33,2.86,0
1.92,7.34,14.08,1
2.93,11.76,34.47,1
2.99,11.39,34.04,1
0.65,1.09,0.71,1
2.82,11.61,32.71,1
0.23,0.5,0.11,1
3.24,11.98,38.84,0
3.49,14.21,49.55,1
2.53,9.34,23.66,0
0.83,2.61,2.17,1
0.1,1.08,0.11,0
4.41,16.07,70.8,1
3.27,11.44,37.41,0
1.42,5.62,7.98,0
2.32,8.66,20.07,0
2.44,8.28,20.19,1
0.73,3.27,2.37,0
3.55,13.87,49.24,1
5.05,18.92,95.6,0
1.43,5.19,7.41,0
4.34,16.87,73.23,0
0.79,3.94,3.1,0
1.79,6.57,11.75,0
1.11,4.74,5.25,0
0.1,0.83,0.08,1
4.06,16.13,65.46,1
0.66,2.52,1.65,0
1.03,3.18,3.28,1
0.59,1.87,1.1,1
2.63,10.29,27.1,1
0.27,2.47,0.66,1
0.1,0.5,0.05,0
0.95,4.27,4.08,0
2.06,7.55,15.53,1
1.59,6.11,9.69,0
3.43,14.24,48.81,1
3.59,14.27,51.27,1
1.06,3.02,3.18,1
3.43,12.57,43.08,1
3.84,15.62,60.04,1
0.1,0.5,0.05,1
1.81,5.95,10.77,1
0.1,0.5,0.05,0
3.7,14.62,54.07,1
0.23,1.65,0.37,1
2.28,8.67,19.76,1
1.27,6.81,8.66,1
1.49,6.3,9.37,1
3.3,12.34,40.73,1
0.1,0.5,0.05,1
0.1,0.5,0.05,1
0.98,3.99,3.9,0
1.36,4.77,6.49,0
1.76,8.04,14.17,1
4.06,16.6,67.38,0
3.12,12.36,38.57,0
0.97,2.72,2.63,0
3.89,14.23,55.27,1
1.3,5.96,7.76,0
2.97,10.83,32.14,1
1.56,6.84,10.68,1
3.26,12.78,41.71,0
0.42,1.63,0.68,1
0.67,1.99,1.33,0
0.78,2.87,2.23,0
0.16,0.77,0.13,1
0.1,1.21,0.12,0
1.44,4.77,6.87,1
2.31,8.56,19.75,1
1.71,6.54,11.19,0
3.9,15.37,60.0,0
1.08,3.37,3.64,0
4.51,16.08,72.5,1
0.31,1.7,0.52,1
1.07,2.87,3.08,1
0.1,1.41,0.14,1
0.44,1.56,0.69,0
2.61,8.69,22.69,1
3.42,12.6,43.03,1
2.93,11.44,33.52,0
5.36,19.95,106.93,0
2.27,8.64,19.6,0
0.66,3.12,2.07,1
2.5,9.33,23.32,1
0.89,2.62,2.32,1
0.35,1.11,0.39,1
2.12,9.2,19.55,1
3.78,15.7,59.28,1
0.78,1.35,1.05,1
3.08,12.56,38.66,1
3.01,11.63,34.97,1
4.97,19.63,97.62,0
2.35,8.49,19.93,1
5.57,19.74,109.94,1
0.32,1.69,0.54,0
1.95,6.65,12.97,0
3.2,11.05,35.38,1
1.03,2.86,2.94,0
3.58,14.07,50.3,0
2.65,10.18,26.98,0
0.1,1.01,0.1,0
2.04,8.28,16.88,0
4.0,14.86,59.43,1
1.13,4.26,4.83,1
3.3,12.13,40.06,1
1.27,4.67,5.95,1
4.09,14.77,60.41,0
1.68,6.7,11.27,1
1.42,6.26,8.88,0
5.01,18.39,92.18,0
0.1,1.41,0.14,0
0.65,2.56,1.67,1
0.1,0.57,0.06,1
0.86,1.92,1.66,0
1.9,5.78,10.99,0
1.17,4.55,5.31,1
5.83,22.79,132.86,0
0.82,2.58,2.12,0
6.98,27.85,194.31,1
0.1,0.97,0.1,1
1.08,3.38,3.64,0
0.6,2.3,1.38,0
4.49,19.06,85.62,1
5.51,19.94,109.84,1
0.45,2.15,0.98,0
0.84,2.93,2.45,0
0.64,2.99,1.91,0
5.52,22.0,121.45,1
3.13,11.57,36.14,1
1.63,7.09,11.56,1
3.94,16.73,65.86,1
0.73,2.84,2.08,0
0.88,3.97,3.5,0
0.2,0.5,0.1,1
1.22,4.65,5.67,1
5.05,19.05,96.22,0
0.13,1.11,0.14,0
5.37,21.39,114.96,0
2.14,8.03,17.16,0
4.81,19.49,93.64,1
5.69,22.83,129.8,0
0.39,2.15,0.83,0
4.02,14.87,59.84,1
4.14,15.24,63.06,1
1.6,5.45,8.74,0
0.1,1.14,0.11,0
0.74,1.83,1.35,1
1.21,5.13,6.18,0
2.5,8.63,21.57,0
0.55,2.77,1.53,0
2.63,10.01,26.33,1
0.84,4.27,3.6,1
3.6,14.58,52.46,0
2.27,9.79,22.26,1
3.63,14.95,54.25,1
4.13,15.82,65.4,1
4.67,16.82,78.57,1
1.19,3.69,4.39,1
0.58,0.53,0.31,1
0.59,1.37,0.81,0
2.46,9.41,23.16,0
0.1,0.5,0.05,0
3.97,14.96,59.46,1
3.28,12.85,42.13,1
0.58,1.95,1.13,0
0.54,1.16,0.63,1
3.26,12.36,40.36,1
3.57,12.84,45.79,0
1.14,4.13,4.73,1
0.12,1.54,0.19,1
0.67,2.34,1.58,1
5.8,23.46,136.05,1
0.83,4.31,3.59,0
4.22,15.57,65.66,1
2.66,9.22,24.54,1
4.03,15.27,61.5,1
0.98,4.66,4.58,0
1.57,5.58,8.77,0
3.63,14.53,52.79,1
1.15,5.32,6.1,0
2.99,10.75,32.15,1
4.18,15.33,64.05,1
5.19,20.3,105.38,1
4.92,18.82,92.64,1
0.1,0.5,0.05,1
4.85,18.16,88.15,1
0.46,1.69,0.77,0
0.1,0.5,0.05,0
3.85,15.25,58.77,1
4.13,15.33,63.37,1
0.21,0.5,0.1,0
2.82,10.7,30.17,1
0.1,0.5,0.05,0
4.27,17.58,75.05,1
1.55,5.42,8.41,0
3.46,12.28,42.53,1
2.83,11.17,31.66,1
3.69,13.49,49.74,1
4.03,14.7,59.29,0
4.16,16.22,67.46,1
0.1,0.5,0.05,0
2.31,7.63,17.64,1
3.19,13.52,43.19,1
1.48,6.08,8.99,0
0.96,3.43,3.29,1
0.43,1.62,0.69,1
3.04,11.97,36.44,0
2.76,11.25,31.0,1
0.1,0.5,0.05,0
3.63,14.08,51.08,1
3.51,12.92,45.34,1
0.1,0.5,0.05,1
0.44,1.8,0.79,0
0.11,0.5,0.05,0
0.52,2.56,1.33,0
1.66,6.69,11.11,0
2.77,9.32,25.83,1
0.1,0.5,0.05,0
0.76,2.58,1.95,1
2.53,11.09,28.08,1
3.35,12.04,40.29,0
3.39,12.71,43.07,1
0.1,0.5,0.05,1
0.1,0.5,0.05,0
1.85,7.16,13.24,0
1.72,7.65,13.15,0
0.41,1.91,0.78,0
3.86,14.04,54.26,1
3.3,14.74,48.6,1
1.35,5.19,7.02,1
4.08,15.05,61.47,0
2.95,12.34,36.43,1
0.23,0.5,0.11,0
2.75,11.8,32.49,1
1.69,5.71,9.63,1
0.18,1.81,0.32,0
4.05,15.57,63.12,0
0.9,4.47,4.03,1
0.1,1.9,0.19,0
1.26,3.89,4.92,0
2.98,12.34,36.73,1
3.76,13.17,49.57,0
3.37,11.97,40.34,1
0.93,2.88,2.68,1
2.82,11.12,31.35,1
0.96,3.67,3.53,0
1.25,4.6,5.73,1
0.1,0.5,0.05,0
0.1,0.85,0.09,0
3.66,14.46,52.98,0
0.74,3.67,2.7,1
1.21,6.04,7.28,1
0.1,0.5,0.05,1
0.6,1.86,1.12,1
0.27,1.54,0.42,1
1.88,6.22,11.67,1
2.65,9.52,25.19,1
0.14,1.34,0.19,1
0.69,2.51,1.72,1
0.1,0.5,0.05,0
1.99,6.35,12.61,0
3.86,14.71,56.82,1
4.35,17.44,75.84,1
2.99,12.28,36.74,1
4.23,16.16,68.31,0
3.42,14.62,50.06,1
4.03,15.23,61.35,1
3.18,11.97,38.06,1
0.74,0.76,0.56,1
3.23,11.9,38.41,0
4.02,15.94,64.04,1
3.45,14.37,49.61,0
0.1,0.5,0.05,1
3.82,14.89,56.91,1
0.99,4.61,4.57,0
4.44,16.89,74.99,0
0.1,0.5,0.05,1
4.14,15.95,66.08,1
1.21,5.19,6.26,1
5.31,19.42,103.13,0
1.19,4.32,5.13,0
3.36,11.86,39.88,1
0.64,0.5,0.32,0
0.49,2.67,1.3,0
0.27,1.03,0.28,1
3.65,15.14,55.26,0
0.1,1.07,0.11,1
0.67,2.27,1.52,0
0.1,0.5,0.05,1
0.67,3.01,2.03,0
3.06,12.4,37.97,1
3.58,13.85,49.52,1
1.68,7.27,12.23,1
0.43,1.41,0.61,1
3.67,13.13,48.13,1
0.1,0.5,0.05,0
0.62,2.53,1.58,0
0.74,1.85,1.37,0
1.04,2.89,3.0,0
0.1,0.74,0.07,1
3.47,12.84,44.52,1
2.88,10.79,31.04,1
3.07,11.39,35.02,0
0.1,1.6,0.16,1
0.1,1.39,0.14,1
1.06,3.02,3.19,0
4.59,17.0,77.99,1
1.6,6.75,10.78,0
4.67,18.24,85.24,1
3.08,11.66,35.89,1
0.1,0.5,0.05,0
0.9,2.87,2.58,0
0.98,3.32,3.25,0
0.14,0.77,0.11,1
2.59,11.19,28.93,0
1.15,3.83,4.4,1
3.83,13.74,52.69,0
4.2,15.87,66.63,1
4.48,17.84,79.89,1
3.57,12.41,44.3,1
0.17,1.82,0.32,1
0.34,1.17,0.4,0
0.17,0.5,0.08,0
2.34,7.62,17.85,1
4.06,15.99,64.87,1
4.32,16.27,70.24,1
1.05,4.13,4.34,1
1.37,4.47,6.11,0
3.09,11.47,35.41,1
3.15,11.59,36.52,0
0.1,0.5,0.05,1
0.1,0.5,0.05,1
1.01,2.61,2.63,1
0.93,5.71,5.3,1
3.37,11.7,39.41,0
0.95,3.76,3.58,1
3.08,10.28,31.62,1
0.1,0.5,0.05,1
0.1,0.5,0.05,1
4.47,17.13,76.6,0
2.86,11.88,33.98,1
0.27,1.33,0.35,0
1.23,4.56,5.62,1
1.0,3.04,3.05,0
0.32,2.42,0.78,0
3.17,12.8,40.62,1
3.21,11.21,36.01,1
4.04,15.39,62.19,1
1.62,6.26,10.12,1
0.86,3.0,2.58,1
1.24,5.33,6.62,0
3.88,15.4,59.75,1
4.05,15.22,61.58,1
0.1,0.5,0.05,1
1.13,5.49,6.2,1
1.04,4.7,4.89,0
3.61,13.76,49.65,0
3.21,10.89,34.97,0
3.82,14.8,56.54,0
3.87,15.25,58.95,0
1.18,2.28,2.68,1
4.45,17.11,76.17,1
2.95,10.88,32.11,1
2.84,10.6,30.09,1
0.75,2.11,1.57,1
0.1,0.5,0.05,0
3.34,13.8,46.07,1
0.1,0.5,0.05,0
0.56,2.9,1.62,1
3.67,13.3,48.81,0
0.92,4.09,3.74,0
0.69,2.62,1.81,1
0.1,0.66,0.07,1
0.1,0.5,0.05,0
1.53,6.33,9.69,1
5.29,18.03,95.31,0
3.53,12.28,43.34,1
1.03,4.23,4.35,0
0.75,1.2,0.89,1
3.52,12.96,45.65,1
3.67,13.91,51.06,1
2.38,8.4,20.03,0
0.1,0.5,0.05,0
0.6,2.51,1.51,0
1.15,5.19,5.99,0
2.1,7.23,15.2,0
1.42,4.94,7.01,0
1.33,4.49,5.98,1
0.1,0.5,0.05,0
0.7,2.78,1.96,1
0.1,1.13,0.11,0
0.19,1.55,0.3,1
2.81,9.98,28.05,1
2.66,9.12,24.28,1
1.16,4.44,5.17,1
3.54,14.13,50.05,0
0.81,3.18,2.57,0
2.61,10.16,26.57,1
1.96,8.37,16.43,0
3.41,12.37,42.22,1
0.62,2.2,1.37,0
0.7,3.98,2.79,1
0.32,1.05,0.33,1
0.16,0.5,0.08,0
4.09,15.0,61.35,1
0.1,0.5,0.05,0
0.18,0.98,0.18,0
1.25,4.02,5.01,1
3.55,13.71,48.67,0
0.34,0.71,0.24,0
0.1,0.5,0.05,1
0.1,0.63,0.06,1
3.56,13.64,48.52,1
0.43,2.06,0.89,1
3.22,11.71,37.74,1
3.18,11.47,36.49,1
0.62,2.67,1.65,1
2.98,12.54,37.36,1
0.5,1.89,0.94,0
2.92,11.45,33.45,0
0.34,1.04,0.36,1
1.62,4.92,7.96,1
2.24,9.28,20.78,0
3.56,14.27,50.87,1
2.03,8.29,16.83,1
0.51,1.8,0.92,0
3.59,14.12,50.72,1
3.65,14.57,53.09,1
1.65,7.57,12.51,0
3.21,13.0,41.76,0
3.33,12.69,42.2,1
0.85,2.2,1.88,1
2.87,11.02,31.57,1
1.49,5.87,8.76,1
3.35,13.3,44.58,0
2.04,8.85,18.08,1
1.13,4.22,4.78,1
0.94,5.24,4.91,1
3.71,12.71,47.21,0
3.24,12.65,40.98,0
0.48,1.17,0.56,1
0.44,0.5,0.22,0
0.85,3.06,2.59,0
3.97,13.91,55.22,1
2.71,10.16,27.5,1
3.0,11.44,34.37,1
0.74,3.7,2.74,1
2.89,9.78,28.29,1
1.19,5.24,6.21,0
3.31,12.66,41.9,0
0.1,1.2,0.12,0
0.1,0.5,0.05,0
2.83,9.7,27.5,1
0.3,0.5,0.15,0
2.36,7.95,18.79,0
3.3,12.93,42.68,1
1.41,6.53,9.2,1
3.58,13.14,47.03,1
2.01,8.15,16.39,1
4.06,14.19,57.57,1
3.55,13.63,48.36,1
2.59,10.39,26.96,1
3.21,11.05,35.51,1
0.66,2.35,1.55,1
0.1,0.95,0.1,0
3.15,9.64,30.4,1
1.28,5.92,7.56,1
3.83,14.84,56.83,1
3.25,12.91,41.93,1
2.54,9.31,23.62,1
3.52,12.0,42.27,0
1.22,5.07,6.18,1
3.37,12.74,42.94,0
3.26,12.42,40.53,1
0.44,2.56,1.13,1
0.42,2.22,0.94,1
3.36,14.32,48.19,1
2.27,8.75,19.89,1
3.84,14.02,53.77,0
0.51,1.78,0.9,1
3.49,13.59,47.44,1
0.88,4.15,3.64,0
3.38,11.68,39.52,1
0.78,2.97,2.32,1
0.1,1.67,0.17,0
2.99,11.18,33.46,1
0.55,2.84,1.56,1
1.01,4.22,4.25,1
4.03,16.09,64.93,1
0.97,3.04,2.96,1
2.0,6.96,13.94,0
2.93,11.14,32.62,1
0.1,0.5,0.05,0
4.72,17.71,83.55,1
0.42,1.81,0.77,1
1.75,8.06,14.08,1
3.87,15.03,58.19,1
4.43,17.33,76.8,0
0.1,1.31,0.13,0
3.38,12.09,40.91,1
0.16,0.5,0.08,1
0.23,2.83,0.66,1
1.79,6.73,12.03,1
1.05,4.9,5.16,0
1.21,5.38,6.52,0
1.55,4.71,7.3,0
3.11,12.08,37.6,1
0.47,1.88,0.88,0
0.22,1.1,0.24,0
1.88,6.54,12.29,0
0.13,0.5,0.06,1
4.19,15.55,65.19,1
1.94,7.29,14.15,0
4.06,16.38,66.53,0
0.1,1.83,0.18,1
0.34,2.43,0.84,1
0.97,4.36,4.21,1
1.13,3.51,3.98,1
0.68,2.28,1.56,0
0.1,0.55,0.05,0
3.67,13.44,49.29,0
0.57,2.62,1.49,0
4.61,18.1,83.46,1
0.66,2.92,1.91,0
2.45,10.15,24.9,0
1.27,4.12,5.25,0
4.21,16.73,70.34,1
0.8,2.48,1.99,0
2.62,9.19,24.05,1
0.96,4.07,3.91,1
0.44,2.65,1.17,1
0.95,4.01,3.81,1
3.64,13.86,50.47,1
0.26,1.24,0.32,0
1.04,4.08,4.25,1
0.29,0.5,0.14,1
3.67,12.93,47.41,0
0.72,2.65,1.9,0
1.82,6.98,12.72,1
0.1,0.5,0.05,0
3.84,15.13,58.06,1
3.36,12.58,42.22,1
0.1,0.83,0.08,0
1.37,5.1,7.01,0
2.38,10.5,24.96,0
0.27,1.08,0.29,0
0.26,2.84,0.73,0
3.11,12.11,37.7,1
3.9,14.67,57.26,1
0.9,2.69,2.41,1
0.57,1.03,0.59,0
2.86,10.06,28.76,1
5.41,19.84,107.26,1
0.1,0.7,0.07,0
3.46,12.72,43.97,1
0.1,0.53,0.05,1
0.6,3.29,1.96,1
4.32,16.36,70.76,0
0.1,2.04,0.2,0
0.81,2.12,1.71,0
0.82,2.98,2.43,0
1.69,5.99,10.14,0
0.1,1.13,0.11,1
1.79,5.01,8.96,1
0.18,0.5,0.09,1
3.29,12.42,40.91,1
3.38,14.07,47.52,0
3.65,14.06,51.35,1
2.43,8.15,19.79,0
0.23,0.5,0.11,0
0.1,1.72,0.17,0
1.65,5.75,9.47,1
4.11,14.85,60.98,1
1.26,5.97,7.53,0
5.85,23.04,134.8,0
0.4,2.53,1.0,0
3.22,11.47,36.89,1
0.22,0.5,0.11,0
0.88,3.45,3.04,1
4.77,18.39,87.72,1
2.84,11.08,31.48,1
0.1,1.56,0.16,1
0.46,0.5,0.23,0
0.1,1.07,0.11,0
2.15,7.29,15.69,0
3.17,12.75,40.45,1
3.16,11.63,36.78,1
2.32,8.16,18.92,1
0.67,2.07,1.39,1
1.46,4.38,6.39,1
1.09,4.19,4.59,0
0.75,2.25,1.7,1
4.94,19.39,95.75,1
1.41,5.86,8.25,1
1.29,6.25,8.06,1
3.95,15.32,60.55,0
3.99,15.57,62.07,1
0.1,1.5,0.15,0
3.75,13.74,51.5,1
2.95,10.04,29.66,1
2.85,11.0,31.39,1
1.11,3.08,3.41,1
3.19,14.08,44.87,1
2.76,11.64,32.07,1
1.48,7.35,10.88,1
0.42,1.64,0.69,1
2.92,11.53,33.65,1
0.61,1.94,1.18,1
0.28,1.76,0.49,0
4.14,14.77,61.19,1
0.26,0.5,0.13,0
3.77,13.69,51.57,1
0.23,0.5,0.12,1
2.56,10.91,27.92,0
4.36,18.03,78.69,1
0.93,2.41,2.23,0
2.02,8.72,17.64,0
0.79,3.75,2.96,1
0.1,0.5,0.05,1
4.24,15.8,66.97,0
0.47,1.33,0.62,1
3.49,13.88,48.51,1
1.28,3.89,5.0,0
2.69,10.14,27.28,1
0.1,0.5,0.05,0
0.48,2.19,1.04,1
0.53,1.85,0.99,1
0.71,2.26,1.6,0
0.96,3.48,3.35,1
0.14,2.16,0.31,1
1.72,6.22,10.72,1
1.28,4.04,5.18,0
0.76,3.34,2.53,1
0.1,0.5,0.05,1
0.57,1.03,0.59,1
3.37,14.6,49.25,0
0.13,0.5,0.07,0
1.08,3.8,4.11,1
1.63,6.31,10.25,1
1.61,7.5,12.05,1
4.96,17.49,86.72,0
4.5,17.34,78.11,0
0.1,2.05,0.2,0
1.68,6.5,10.95,0
1.28,3.87,4.94,0
2.64,9.55,25.22,0
0.58,2.38,1.39,0
3.03,12.6,38.23,0
0.98,3.45,3.38,1
1.18,5.16,6.12,1
4.41,15.59,68.68,0
4.65,16.51,76.79,1
0.91,3.08,2.81,1
0.42,2.75,1.15,1
0.93,3.58,3.32,1
0.1,0.61,0.06,1
0.1,0.6,0.06,1
0.1,1.27,0.13,0
0.27,0.53,0.14,1
3.87,15.27,59.17,1
3.87,14.05,54.39,1
3.43,14.62,50.12,1
0.52,1.33,0.69,1
0.28,0.5,0.14,0
1.34,5.54,7.43,1
1.97,7.56,14.9,0
0.65,2.71,1.75,0
0.1,0.56,0.06,1
0.1,0.5,0.05,0
1.54,7.16,11.06,1
0.53,2.72,1.44,0
3.85,15.73,60.62,0
4.07,15.05,61.25,1
4.27,16.56,70.76,0
3.24,12.45,40.29,1
3.97,16.01,63.61,1
3.51,14.27,50.08,0
4.24,16.28,69.09,0
4.53,16.01,72.54,0
3.61,15.13,54.54,1
0.1,0.82,0.08,0
0.1,0.5,0.05,0
2.57,10.08,25.9,1
0.55,0.9,0.5,0
3.24,13.15,42.59,1
0.49,0.7,0.35,0
0.1,0.5,0.05,0
4.14,15.92,65.88,0
2.91,11.9,34.69,1
0.9,3.49,3.13,0
5.43,21.14,114.76,0
3.0,11.38,34.13,0
0.64,2.4,1.53,0
3.69,14.09,52.01,1
1.15,4.24,4.89,1
3.12,10.53,32.89,1
0.25,0.5,0.12,1
0.48,2.03,0.98,0
3.69,13.83,51.08,1
0.42,1.47,0.62,0
2.99,11.11,33.26,1
5.41,19.86,107.42,1
1.24,4.31,5.35,0
2.02,7.44,15.06,1
0.19,0.72,0.13,1
4.65,17.99,83.7,1
0.1,0.5,0.05,0
0.1,0.5,0.05,0
2.84,9.69,27.55,0
2.97,13.36,39.64,1
0.38,0.56,0.21,1
0.26,0.56,0.14,0
1.0,4.19,4.17,1
3.53,13.71,48.46,1
0.1,0.8,0.08,0
3.27,12.08,39.55,1
0.1,0.57,0.06,1
1.15,4.41,5.06,0
2.42,8.94,21.64,1
3.01,11.62,34.93,0
4.11,16.47,67.74,1
3.2,12.15,38.92,0
0.8,3.03,2.43,1
1.98,8.37,16.56,0
1.76,7.45,13.11,0
1.91,8.51,16.21,1
0.79,1.61,1.28,0
0.93,4.25,3.94,0
3.74,14.67,54.81,0
6.51,24.02,156.26,1
4.2,16.17,67.93,0
3.7,14.89,55.06,1
1.61,5.44,8.73,0
4.95,19.17,94.96,0
4.32,17.13,74.08,0
1.19,3.67,4.38,0
2.95,11.09,32.68,1
5.26,20.21,106.22,0
4.01,14.61,58.61,1
1.14,3.64,4.17,1
3.25,12.23,39.72,1
3.43,13.66,46.8,1
4.65,18.19,84.6,0
1.08,3.43,3.72,1
3.75,14.78,55.43,1
0.4,0.84,0.33,0
3.06,10.35,31.71,1
3.36,12.48,41.93,1
5.21,20.69,107.79,0
0.1,0.9,0.09,1
4.03,15.33,61.82,1
4.21,15.65,65.79,0
3.34,12.39,41.4,1
0.64,2.53,1.62,1
3.17,11.17,35.37,0
0.63,2.1,1.32,1
1.37,5.02,6.87,1
3.78,13.29,50.24,0
0.1,0.5,0.05,0
1.19,4.87,5.81,1
0.1,0.5,0.05,0
0.1,0.5,0.05,0
0.1,0.5,0.05,0
0.61,3.57,2.16,1
0.1,0.5,0.05,0
2.53,9.81,24.83,1
0.65,2.07,1.34,1
4.0,15.21,60.8,1
0.12,0.83,0.1,0
3.88,13.63,52.82,1
1.66,6.31,10.5,0
1.61,7.08,11.4,0
0.1,1.79,0.18,0
0.86,3.17,2.73,0
1.12,4.27,4.77,1
2.96,13.01,38.49,1
0.14,1.45,0.21,0
2.49,8.97,22.32,0
4.86,17.99,87.48,0
1.08,4.88,5.29,0
1.02,3.09,3.16,1
2.61,10.78,28.12,0
7.16,27.46,196.47,1
0.51,2.37,1.22,0
0.28,0.86,0.24,0
0.1,0.5,0.05,0
2.95,12.39,36.56,1
1.39,5.08,7.06,0
0.1,0.5,0.05,0
0.1,0.5,0.05,1
4.73,18.12,85.69,0
1.35,4.3,5.79,0
0.1,0.5,0.05,1
0.96,3.14,3.0,1
0.1,1.06,0.11,1
1.89,6.49,12.29,0
0.55,0.68,0.38,1
3.65,12.29,44.82,1
2.86,9.68,27.68,1
5.96,23.73,141.35,0
0.1,0.5,0.05,0
5.9,22.81,134.53,0
1.13,4.74,5.38,1
4.82,18.36,88.47,0
4.11,15.54,63.83,0
3.17,12.87,40.79,1
1.12,4.39,4.93,0
2.54,10.78,27.41,0
3.11,12.3,38.23,0
1.83,6.46,11.82,1
4.68,17.38,81.31,0
0.1,0.5,0.05,0
5.29,21.07,111.41,1
4.2,15.63,65.6,0
0.62,1.72,1.07,1
0.1,0.64,0.06,0
3.36,12.68,42.59,1
1.55,6.12,9.47,1
0.62,3.86,2.38,1
1.66,7.04,11.69,0
3.15,12.0,37.86,1
1.07,2.95,3.16,1
1.79,6.41,11.49,0
0.56,2.68,1.49,1
0.65,1.54,1.0,1
3.12,13.59,42.46,1
0.13,0.5,0.06,0
2.87,10.96,31.5,1
0.81,2.55,2.07,0
1.38,5.65,7.8,1
2.42,8.26,19.99,0
0.1,2.11,0.21,0
1.46,6.59,9.6,1
2.91,11.86,34.56,1
1.08,2.99,3.23,1
0.1,0.54,0.05,0
3.13,12.87,40.32,1
0.57,2.62,1.48,0
4.33,15.65,67.73,1
0.2,0.5,0.1,0
3.03,11.14,33.72,0
1.03,3.43,3.54,0
3.23,13.51,43.71,1
0.88,1.82,1.61,1
0.1,0.9,0.09,0
3.84,13.57,52.16,1
4.16,15.05,62.69,1
0.72,1.11,0.8,1
4.57,16.93,77.35,1
0.1,1.59,0.16,0
3.99,15.39,61.49,1
1.5,4.74,7.1,1
0.79,3.8,2.98,0
3.6,14.68,52.9,0
0.48,1.92,0.93,0
0.28,2.68,0.74,0
0.2,1.41,0.28,0
3.27,12.96,42.33,1
0.3,0.5,0.15,1
0.1,0.88,0.09,0
0.87,3.49,3.04,0
3.4,13.33,45.27,1
0.1,0.5,0.05,1
2.51,9.63,24.13,0
2.72,9.68,26.3,1
0.1,0.5,0.05,1
0.46,2.54,1.17,0
2.91,9.86,28.69,1
4.26,16.29,69.44,1
1.22,4.91,6.01,0
1.85,7.27,13.43,1
0.99,3.53,3.48,1
0.6,2.48,1.48,0
0.46,2.14,0.99,0
2.24,9.1,20.37,0
0.1,1.77,0.18,0
0.73,2.97,2.17,0
2.97,11.33,33.6,1
0.37,0.7,0.26,0
1.8,7.2,12.99,0
0.54,2.59,1.41,0
1.25,4.61,5.78,1
0.48,2.25,1.08,0
2.56,9.48,24.24,1
1.17,4.97,5.8,0
1.13,5.03,5.7,0
3.39,13.6,46.08,1
1.23,4.76,5.85,1
0.2,0.5,0.1,1
0.41,1.05,0.43,1
3.73,14.66,54.73,1
3.13,13.86,43.37,0
0.55,1.83,1.01,1
2.76,10.85,29.96,1
1.38,4.8,6.64,1
3.23,11.48,37.06,1
0.1,0.5,0.05,0
2.9,9.35,27.09,1
4.29,17.4,74.67,1
3.37,11.03,37.17,1
3.41,12.76,43.57,0
1.57,5.01,7.86,0
1.3,4.24,5.52,1
1.6,7.17,11.46,1
3.3,12.71,42.0,1
1.09,3.36,3.65,0
3.55,13.03,46.28,1
2.7,9.64,26.03,1
0.75,2.82,2.12,0
0.21,0.94,0.2,1
0.37,2.9,1.06,1
0.49,0.5,0.25,0
3.41,12.92,44.02,1
0.99,3.5,3.46,0
0.1,1.14,0.11,0
0.1,0.66,0.07,1
0.71,3.19,2.28,0
0.1,0.66,0.07,0
1.31,4.23,5.55,0
5.18,20.65,106.97,0
4.19,16.56,69.37,1
0.27,1.77,0.48,0
2.69,11.23,30.19,1
1.2,4.9,5.89,0
0.38,2.63,1.0,0
1.59,6.34,10.08,1
0.1,0.5,0.05,0
0.1,0.5,0.05,0
0.35,1.32,0.46,1
0.1,0.5,0.05,0
3.02,12.79,38.67,1
0.38,1.67,0.63,0
5.33,20.32,108.23,1
3.53,13.72,48.43,0
1.66,8.69,14.43,0
0.24,0.5,0.12,0
0.91,2.79,2.54,0
4.03,14.21,57.3,1
3.37,12.61,42.46,1
2.77,10.74,29.78,1
0.1,0.5,0.05,0
1.19,4.07,4.83,1
0.92,3.61,3.31,0
3.05,11.19,34.13,1
0.1,0.63,0.06,0
1.66,7.21,11.97,0
4.19,16.45,68.86,0
0.54,2.76,1.49,1
0.37,2.28,0.84,0
3.39,13.1,44.35,1
1.82,6.8,12.38,0
0.72,2.13,1.54,0
0.57,1.85,1.06,0
0.41,1.14,0.47,0
3.78,14.94,56.46,0
0.1,0.66,0.07,1
3.99,15.72,62.69,1
1.64,5.3,8.7,0
0.51,3.09,1.59,0
0.33,0.92,0.3,0
0.1,0.5,0.05,0
3.3,12.2,40.3,1
0.1,2.37,0.24,0
0.16,0.5,0.08,0
0.1,0.5,0.05,0
0.9,3.26,2.92,0
1.36,5.04,6.85,1
0.9,2.8,2.52,0
5.62,21.46,120.53,0
0.62,3.21,1.98,0
3.14,12.18,38.24,1
0.56,1.25,0.7,0
2.82,10.44,29.45,0
1.13,3.87,4.38,1
0.23,0.91,0.21,1
2.91,12.11,35.21,1
2.99,11.24,33.58,1
3.63,13.71,49.69,0
2.58,11.21,28.9,1
4.06,16.12,65.43,1
0.38,1.92,0.74,1
4.21,17.55,73.81,1
2.48,9.81,24.3,0
0.13,0.5,0.06,0
0.74,3.47,2.55,0
3.94,13.68,53.85,0
0.1,0.74,0.07,0
0.39,0.5,0.19,1
0.1,0.5,0.05,0
3.58,13.32,47.71,1
3.53,12.79,45.1,1
2.04,7.49,15.32,0
0.88,4.17,3.66,1
1.2,3.98,4.77,0
3.29,12.94,42.55,1
4.6,16.71,76.85,1
1.14,4.18,4.76,1
0.25,1.22,0.31,0
3.3,11.73,38.65,1
3.52,12.31,43.3,0
4.85,18.83,91.31,0
0.63,3.3,2.09,0
0.93,3.45,3.2,0
3.48,12.85,44.66,0
0.1,0.5,0.05,0
3.38,12.89,43.57,0
3.39,13.09,44.42,1
1.05,1.99,2.09,0
2.97,10.43,30.98,1
1.11,3.54,3.93,0
0.1,0.5,0.05,0
3.7,14.2,52.51,1
2.72,10.83,29.4,1
4.25,16.36,69.58,1
0.83,2.11,1.75,1
2.79,11.76,32.8,1
3.15,12.98,40.83,0
0.79,2.0,1.58,0
3.11,12.09,37.64,1
0.49,1.39,0.68,1
0.91,3.56,3.23,1
2.89,11.82,34.12,0
2.26,10.28,23.22,1
0.1,0.98,0.1,0
3.53,13.63,48.06,1
1.58,5.73,9.04,0
0.28,1.2,0.33,0
2.72,11.42,31.06,1
3.04,11.52,35.03,1
0.1,0.5,0.05,0
1.25,3.45,4.32,1
3.66,14.31,52.33,0
0.54,2.25,1.21,1
0.37,0.89,0.33,1
1.47,6.41,9.44,0
3.58,13.25,47.37,1
1.55,5.77,8.91,0
0.7,2.64,1.85,1
1.24,4.43,5.49,0
3.34,12.89,43.08,1
3.75,15.17,56.85,1
3.55,12.58,44.7,1
2.95,11.6,34.24,1
3.61,13.86,50.02,1
3.27,12.54,41.0,1
4.51,17.82,80.34,1
1.67,6.37,10.61,0
2.69,10.6,28.47,1
0.1,0.95,0.1,0
0.88,2.94,2.58,0
1.31,5.24,6.88,1
4.98,18.71,93.07,0
1.19,4.41,5.25,1
3.49,12.99,45.31,1
1.42,5.75,8.14,0
0.87,3.36,2.92,1
0.34,1.6,0.54,1
0.64,2.42,1.55,0
3.92,13.6,53.28,1
1.14,4.37,4.99,1
0.65,2.54,1.66,0
0.93,3.73,3.46,1
0.66,2.05,1.36,1
2.02,6.71,13.54,0
2.02,8.17,16.48,0
0.94,3.35,3.14,0
1.01,3.96,3.98,1
0.12,0.5,0.06,0
3.45,13.12,45.28,1
0.1,0.5,0.05,1
3.57,12.8,45.71,1
0.1,0.76,0.08,0
4.61,17.05,78.68,0
0.41,1.7,0.7,1
1.02,4.21,4.3,1
1.09,3.66,3.98,1
2.51,8.58,21.56,1
3.32,14.55,48.28,1
3.22,11.81,38.01,1
3.5,13.81,48.36,1
3.15,13.52,42.61,1
4.16,16.43,68.33,1
5.02,18.82,94.44,0
4.56,17.29,78.92,0
1.47,4.91,7.2,1
0.84,3.91,3.29,0
1.42,5.85,8.32,1
5.23,19.45,101.71,1
1.18,3.65,4.31,1
2.28,7.62,17.38,1
2.67,10.94,29.25,1
0.37,1.49,0.55,1
0.36,1.54,0.55,0
0.1,0.5,0.05,1
3.32,11.43,37.88,1
1.01,4.62,4.69,1
2.15,8.21,17.67,1
3.58,14.32,51.19,0
1.21,4.27,5.16,1
3.41,12.78,43.62,1
3.27,13.0,42.55,0
0.1,0.97,0.1,1
0.57,2.82,1.61,1
0.1,0.5,0.05,1
2.78,11.04,30.64,1
0.1,1.27,0.13,0
0.1,0.5,0.05,0
5.08,18.9,96.09,1
4.04,16.42,66.29,0
0.64,1.91,1.22,0
2.79,11.11,31.0,1
2.85,10.8,30.84,0
0.43,0.5,0.21,0
0.5,2.8,1.39,0
3.98,12.92,51.41,1
0.47,0.5,0.24,0
6.01,23.25,139.69,1
2.89,11.42,33.07,1
3.46,12.62,43.61,1
3.28,12.58,41.24,0
0.43,0.5,0.21,0
0.1,0.95,0.09,0
1.88,7.34,13.78,0
0.5,1.86,0.93,0
1.05,4.0,4.2,1
1.05,4.37,4.58,1
0.79,3.0,2.38,1
0.24,0.5,0.12,1
1.28,6.62,8.46,1
0.1,1.34,0.13,0
0.46,0.71,0.32,1
0.78,2.7,2.12,0
4.53,17.02,77.06,1
0.1,1.24,0.12,1
2.91,9.33,27.17,1
6.3,23.53,148.22,1
3.38,11.45,38.74,1
1.21,4.37,5.29,0
3.88,14.35,55.65,0
1.71,6.58,11.28,0
1.86,6.57,12.21,1
1.01,3.23,3.25,1
3.49,13.74,47.9,1
3.5,13.66,47.8,1
0.1,0.82,0.08,0
1.17,4.3,5.02,0
3.03,11.06,33.5,1
0.25,0.85,0.21,0
3.59,14.06,50.53,1
2.93,9.41,27.62,1
0.41,1.88,0.78,1
0.97,3.94,3.83,1
3.84,14.63,56.15,1
0.1,0.5,0.05,0
3.24,10.25,33.19,1
4.22,15.67,66.08,0
2.07,9.3,19.28,1
0.84,3.21,2.7,0
0.1,0.5,0.05,0
3.73,14.19,52.94,1
6.46,24.82,160.2,1
0.1,0.91,0.09,1
3.93,14.75,57.98,1
0.77,3.28,2.54,1
0.22,2.16,0.47,1
0.15,1.38,0.21,1
0.21,2.68,0.57,0
0.73,2.25,1.64,0
0.73,4.11,2.99,0
1.57,5.35,8.41,0
4.33,16.75,72.56,1
3.83,15.15,58.1,1
2.01,7.21,14.47,0
4.0,15.26,61.01,1
4.21,16.74,70.54,0
3.92,14.35,56.3,1
4.13,17.02,70.24,0
1.21,3.49,4.21,1
0.97,5.23,5.06,0
2.27,9.41,21.33,0
0.47,1.71,0.8,0
0.1,0.5,0.05,1
0.38,1.03,0.39,0
4.42,16.68,73.7,0
0.1,0.5,0.05,0
1.5,6.69,10.02,0
3.51,14.93,52.44,1
0.1,0.54,0.05,0
3.82,13.83,52.77,0
3.62,13.31,48.18,1
4.52,17.05,77.11,1
1.26,3.98,5.03,1
1.17,3.52,4.14,1
1.85,8.72,16.17,0
3.27,12.69,41.54,0
3.01,10.78,32.49,1
3.9,15.47,60.3,1
0.16,0.5,0.08,0
3.35,11.84,39.6,1
3.42,12.37,42.36,1
3.11,13.16,40.98,1
4.03,15.1,60.81,1
0.1,0.5,0.05,1
1.38,6.2,8.54,1
0.1,0.5,0.05,0
4.02,13.81,55.53,1
0.1,0.5,0.05,0
1.26,5.2,6.54,1
0.1,0.7,0.07,0
0.14,1.98,0.28,1
1.81,6.19,11.18,0
2.97,11.32,33.6,1
1.79,6.24,11.18,1
0.45,0.5,0.22,1
1.41,6.06,8.54,1
3.29,12.88,42.41,1
1.75,6.89,12.1,0
2.88,11.3,32.57,1
0.21,0.5,0.1,0
2.14,7.32,15.66,1
3.92,14.93,58.51,1
0.78,3.9,3.05,1
0.1,1.67,0.17,0
2.15,8.82,19.01,1
3.79,14.41,54.53,1
0.1,0.6,0.06,0
0.1,0.5,0.05,1
4.21,15.17,63.87,1
0.31,1.2,0.38,1
2.34,7.84,18.36,1
2.77,10.42,28.82,0
0.83,4.45,3.67,0
3.5,13.96,48.89,1
3.06,10.89,33.32,1
1.06,3.95,4.17,0
1.8,6.19,11.17,0
2.45,9.25,22.62,0
0.1,1.21,0.12,0
0.64,2.94,1.87,0
0.1,2.37,0.24,1
0.41,2.51,1.02,0
0.7,2.83,1.98,1
4.25,16.69,70.96,1
3.17,11.88,37.63,1
4.25,15.25,64.78,1
4.48,18.07,81.0,0
4.86,19.28,93.75,1
2.02,7.5,15.17,0
0.57,2.4,1.38,0
2.25,9.54,21.44,0
0.1,1.06,0.11,0
0.89,2.22,1.98,0
0.49,2.04,1.0,0
3.57,13.45,48.05,1
1.36,6.06,8.26,0
0.79,3.82,3.01,0
3.39,13.93,47.16,1
0.1,0.5,0.05,1
1.17,3.8,4.44,0
1.06,4.91,5.19,1
3.31,12.12,40.17,0
1.31,3.76,4.93,1
2.5,9.92,24.77,1
1.54,5.42,8.36,1
0.1,1.81,0.18,0
4.33,16.69,72.24,1
3.51,13.48,47.4,0
3.88,14.44,55.98,0
5.09,20.62,105.02,1
0.34,1.6,0.55,0
0.9,3.1,2.79,1
3.36,12.12,40.7,1
2.92,11.04,32.22,1
4.04,14.56,58.81,1
0.52,2.8,1.46,1
0.1,0.5,0.05,1
4.17,15.72,65.49,0
3.88,15.24,59.15,0
1.32,5.29,6.98,1
2.57,9.2,23.67,1
1.06,4.54,4.8,0
3.12,11.14,34.71,1
1.2,4.53,5.43,1
3.53,13.94,49.21,1
0.21,1.17,0.25,0
1.02,3.35,3.43,1
0.1,1.34,0.13,0
0.65,2.55,1.67,1
4.26,16.78,71.46,1
3.2,13.39,42.84,1
0.1,1.27,0.13,0
2.75,11.36,31.26,1
0.52,2.14,1.12,1
3.42,13.62,46.53,1
0.68,2.76,1.88,1
0.23,0.5,0.12,0
0.45,1.95,0.87,0
0.71,2.91,2.08,1
2.96,11.7,34.59,1
3.53,13.32,47.05,1
3.13,11.3,35.43,1
3.21,12.71,40.76,1
1.04,2.89,3.0,1
3.46,14.33,49.64,0
0.79,2.83,2.24,0
1.58,6.21,9.83,0
3.98,15.59,62.12,1
1.46,6.0,8.74,0
3.62,12.64,45.81,1
0.29,1.76,0.51,0
0.94,3.83,3.62,0
3.85,14.13,54.45,1
1.31,4.37,5.71,1
0.1,0.5,0.05,0
1.28,3.82,4.88,1
1.52,7.14,10.84,0
2.63,11.19,29.45,0
4.88,18.92,92.42,0
0.25,0.79,0.2,1
4.69,17.65,82.74,1
1.66,6.91,11.45,1
3.12,13.28,41.49,0
3.13,11.44,35.8,1
2.73,9.49,25.91,1
1.14,5.57,6.34,0
0.42,0.5,0.21,0
4.28,15.47,66.26,0
0.1,0.5,0.05,1
1.11,2.98,3.32,1
0.1,1.27,0.13,1
1.53,6.5,9.95,0
0.96,3.18,3.04,1
1.75,7.67,13.4,0
1.85,8.19,15.16,0
3.92,14.79,57.92,1
0.79,2.65,2.1,1
0.69,4.41,3.03,1
0.96,4.21,4.02,0
0.1,0.59,0.06,0
0.45,2.81,1.27,1
0.84,3.43,2.88,1
1.49,5.26,7.85,1
0.2,0.81,0.16,0
1.01,4.65,4.68,1
3.84,12.99,49.84,1
3.24,12.07,39.05,1
0.27,2.12,0.57,1
3.75,13.84,51.93,1
3.66,15.15,55.5,1
0.53,3.16,1.69,1
1.54,5.79,8.92,0
1.34,4.64,6.23,0
3.42,12.76,43.6,1
3.42,15.12,51.7,1
0.3,2.65,0.81,1
0.4,1.63,0.66,1
0.55,1.6,0.88,1
0.1,0.5,0.05,0
3.05,11.78,35.92,1
0.41,0.57,0.23,0
4.52,17.24,77.88,0
3.16,13.05,41.19,1
0.11,0.5,0.06,0
0.56,2.78,1.55,0
3.16,13.1,41.36,1
0.1,0.5,0.05,0
3.46,14.51,50.27,1
0.1,0.5,0.05,0
1.58,6.36,10.06,1
0.1,0.5,0.05,0
1.88,6.9,12.96,1
0.11,0.5,0.06,0
1.37,5.75,7.86,0
0.1,1.06,0.11,1
1.01,3.78,3.81,1
1.55,4.81,7.47,1
3.33,12.97,43.15,1
3.59,13.99,50.25,0
2.14,7.96,17.03,0
1.01,5.35,5.42,0
0.1,0.5,0.05,1
1.09,2.38,2.61,0
2.99,10.78,32.23,1
0.1,0.95,0.09,0
0.76,2.03,1.53,0
3.09,10.96,33.86,1
0.1,1.14,0.11,0
0.64,2.82,1.82,1
0.1,0.68,0.07,0
2.33,9.48,22.08,1
0.95,3.25,3.08,0
1.85,6.74,12.48,1
3.88,15.38,59.63,0
0.1,0.5,0.05,0
2.87,9.18,26.32,1
3.04,11.22,34.18,1
0.1,1.12,0.11,0
0.35,1.55,0.55,0
0.56,2.82,1.58,0
4.57,15.76,72.02,1
0.13,0.75,0.1,0
3.9,15.35,59.92,0
0.1,0.5,0.05,1
0.56,2.83,1.6,0
1.53,5.72,8.74,0
3.27,14.89,48.75,1
0.1,0.5,0.05,1
3.68,15.07,55.44,1
3.1,11.47,35.55,1
0.4,0.5,0.2,1
0.1,0.5,0.05,0
1.04,4.16,4.31,1
0.1,1.21,0.12,0
3.11,13.2,41.08,1
0.29,2.26,0.66,0
0.57,1.41,0.81,0
0.25,1.84,0.45,1
0.1,0.69,0.07,0
0.77,2.4,1.85,1
0.52,1.8,0.94,1
3.03,10.95,33.16,1
3.8,14.46,54.91,1
2.68,9.58,25.64,1
3.54,12.61,44.58,0
1.05,4.37,4.57,1
0.1,0.88,0.09,0
3.49,13.1,45.69,1
2.56,10.83,27.76,0
0.35,1.11,0.38,0
1.44,5.23,7.53,0
2.89,11.5,33.23,1
0.88,3.23,2.83,0
0.78,3.03,2.37,1
0.72,0.74,0.53,1
5.19,19.75,102.56,1
3.62,12.28,44.42,1
0.81,2.11,1.71,0
0.1,0.5,0.05,1
0.1,0.5,0.05,0
1.18,4.03,4.73,1
3.79,14.02,53.16,0
2.1,8.51,17.88,1
1.47,5.76,8.47,1
3.66,12.4,45.4,1
3.21,12.26,39.36,1
1.27,5.09,6.48,1
4.09,15.27,62.41,1
3.5,13.24,46.33,1
0.38,1.59,0.61,0
0.1,0.99,0.1,0
4.44,15.62,69.43,0
1.66,6.11,10.14,0
3.12,13.06,40.74,1
0.1,1.51,0.15,1
0.1,1.06,0.11,0
1.52,6.2,9.43,0
2.08,9.21,19.13,0
0.1,1.91,0.19,0
0.14,0.5,0.07,1
3.21,11.42,36.64,1
0.1,0.5,0.05,0
2.18,10.76,23.47,0
2.09,6.7,14.03,0
1.35,4.76,6.44,0
1.94,6.25,12.15,0
0.1,0.5,0.05,0
2.74,9.47,25.98,1
0.1,0.5,0.05,0
0.97,2.14,2.08,1
2.88,11.43,32.88,1
1.19,5.49,6.52,1
1.6,5.76,9.21,0
3.7,13.95,51.61,1
0.1,0.5,0.05,1
4.19,16.07,67.32,1
4.15,15.75,65.41,0
3.26,13.0,42.4,1
0.1,1.37,0.14,1
1.09,3.51,3.83,1
3.24,12.07,39.11,1
3.4,13.66,46.5,1
0.32,0.5,0.16,0
3.51,11.77,41.34,1
2.92,11.29,32.98,1
3.85,15.03,57.87,0
0.97,3.12,3.04,1
0.1,0.5,0.05,1
2.47,8.8,21.76,1
3.0,10.71,32.16,1
4.32,16.96,73.26,1
4.04,14.41,58.25,1
0.1,0.5,0.05,0
0.19,0.5,0.1,0
3.79,13.23,50.14,0
0.1,1.08,0.11,1
3.86,14.24,54.95,0
1.17,4.6,5.39,1
0.55,0.89,0.49,1
3.54,12.85,45.48,1
0.76,3.48,2.64,0
0.1,2.45,0.24,1
0.54,0.5,0.27,1
3.83,14.39,55.13,0
3.78,14.7,55.57,1
0.21,0.5,0.11,1
0.74,3.5,2.59,0
1.58,5.33,8.44,0
1.83,7.06,12.88,1
0.95,3.19,3.03,1
2.34,9.87,23.1,0
4.27,15.67,66.88,1
2.77,10.23,28.28,0
1.22,5.4,6.6,1
3.98,14.32,57.07,1
4.02,15.31,61.5,1
3.63,12.33,44.75,1
3.25,11.48,37.3,1
0.92,3.8,3.5,1
0.9,2.61,2.34,1
1.18,4.06,4.81,1
0.39,1.89,0.74,1
2.29,8.23,18.84,0
0.1,1.04,0.1,0
1.71,6.68,11.46,1
2.1,8.32,17.47,1
3.82,15.49,59.13,1
0.37,1.65,0.61,1
1.1,5.42,5.96,1
0.64,3.17,2.03,1
0.69,2.21,1.54,0
4.44,17.91,79.5,1
1.58,6.23,9.88,1
0.1,0.5,0.05,1
3.18,12.32,39.21,1
0.81,3.96,3.21,1
5.2,20.12,104.62,0
3.57,15.01,53.52,1
1.1,5.06,5.59,1
0.42,2.0,0.83,0
1.1,3.34,3.66,0
0.67,2.42,1.63,0
2.8,10.68,29.87,0
4.4,17.28,76.06,0
4.22,16.53,69.69,0
3.84,14.72,56.49,1
4.03,15.41,62.13,0
2.59,10.43,27.07,1
0.22,0.5,0.11,0
3.87,16.08,62.29,1
1.08,2.46,2.66,1
1.1,5.35,5.89,0
1.27,4.8,6.11,1
3.19,12.92,41.18,0
3.85,14.92,57.47,0
0.62,2.65,1.65,0
3.49,13.7,47.77,1
1.01,4.47,4.49,1
0.1,0.5,0.05,0
0.95,4.43,4.2,0
0.33,0.5,0.17,1
1.18,4.48,5.3,0
1.71,7.17,12.28,1
3.12,12.64,39.42,1
0.1,0.75,0.07,0
2.32,8.48,19.65,1
0.1,1.1,0.11,1
0.4,0.99,0.39,0
1.05,5.4,5.67,1
0.85,3.15,2.66,1
0.81,1.83,1.48,0
3.16,11.06,34.97,1
3.52,13.41,47.23,1
0.35,1.46,0.52,0
3.86,16.26,62.85,1
3.94,14.15,55.75,1
0.38,1.46,0.55,1
0.65,1.64,1.07,0
1.11,3.83,4.26,0
0.1,1.73,0.17,0
4.13,14.77,60.97,1
4.41,17.22,75.87,1
2.31,9.09,21.01,1
3.72,14.13,52.61,1
0.75,3.28,2.47,1
3.98,14.18,56.4,1
0.54,3.37,1.81,1
0.63,3.94,2.48,0
1.08,4.16,4.51,1
1.9,9.14,17.32,0
0.32,0.91,0.29,0
0.76,3.21,2.44,1
0.58,3.35,1.95,1
4.02,14.9,59.89,0
0.1,0.5,0.05,1
0.1,0.5,0.05,0
4.04,17.01,68.78,1
0.89,2.96,2.64,1
4.42,16.65,73.56,1
1.15,3.46,3.96,0
2.86,11.61,33.17,1
4.14,15.12,62.65,0
0.64,2.04,1.3,0
3.44,13.32,45.88,1
5.1,18.54,94.63,0
3.35,12.61,42.29,1
0.83,4.28,3.55,1
3.25,12.67,41.13,1
0.1,0.5,0.05,1
1.47,5.75,8.43,0
0.1,0.5,0.05,0
3.91,16.45,64.32,1
3.13,11.23,35.12,1
0.21,0.95,0.2,0
3.23,12.35,39.83,0
3.11,12.63,39.27,1
0.76,3.77,2.87,1
2.96,11.21,33.13,1
0.69,2.84,1.95,1
1.07,4.34,4.66,0
0.37,0.5,0.18,1
0.76,1.6,1.21,1
2.66,9.61,25.51,1
3.8,14.0,53.21,0
4.04,14.4,58.22,1
1.32,5.6,7.36,1
3.74,14.2,53.05,1
1.46,5.37,7.82,0
4.32,15.43,66.7,1
0.1,0.5,0.05,1
4.7,15.76,74.05,1
0.65,2.35,1.54,0
3.35,12.78,42.81,1
0.87,3.51,3.07,0
3.38,11.6,39.23,1
2.82,10.91,30.83,1
4.33,15.63,67.68,1
4.03,14.66,59.05,0
3.37,13.38,45.1,0
1.09,5.76,6.28,1
1.55,5.93,9.18,1
0.43,0.96,0.41,1
4.29,16.46,70.64,1
3.74,14.96,55.98,0
0.94,4.06,3.8,1
0.1,2.57,0.26,1
0.1,0.5,0.05,1
0.6,2.49,1.5,1
3.73,15.43,57.6,1
0.81,4.26,3.44,1
3.39,11.34,38.49,1
0.1,0.5,0.05,1
2.33,10.03,23.36,0
1.52,8.08,12.28,1
0.67,3.09,2.06,1
2.61,9.64,25.19,1
3.45,12.29,42.38,1
0.82,4.88,4.0,0
3.46,13.74,47.58,1
4.64,16.97,78.77,1
0.29,0.95,0.28,0
5.22,20.07,104.67,0
0.1,0.82,0.08,0
1.11,3.51,3.9,0
1.04,3.48,3.63,1
2.68,8.85,23.71,0
0.68,3.42,2.32,0
0.84,2.92,2.45,1
4.82,18.68,89.95,0
2.41,10.31,24.91,1
1.48,5.81,8.63,1
3.74,14.13,52.85,1
0.1,0.54,0.05,0
3.2,12.23,39.18,1
3.18,13.1,41.69,1
2.72,10.59,28.84,1
5.78,21.54,124.54,0
1.38,6.08,8.39,1
3.89,15.78,61.43,0
0.95,2.55,2.42,1
1.28,6.1,7.84,0
0.21,1.11,0.24,0
0.1,0.61,0.06,1
2.87,11.7,33.56,1
0.84,2.75,2.32,1
1.63,6.96,11.36,0
0.1,0.5,0.05,0
0.1,0.5,0.05,1
3.11,11.0,34.17,0
0.1,0.83,0.08,0
0.79,2.26,1.79,1
3.33,13.93,46.35,0
3.56,14.49,51.59,1
4.1,16.65,68.27,0
2.2,8.46,18.6,0
0.83,3.37,2.8,1
3.31,11.62,38.47,1
3.53,14.21,50.18,1
3.19,12.42,39.59,0
0.1,0.83,0.08,0
1.52,7.13,10.84,1
4.08,15.03,61.35,1
3.81,14.37,54.71,1
1.52,6.02,9.13,1
3.13,11.16,34.98,1
2.89,10.83,31.27,1
0.25,1.33,0.33,0
3.36,12.5,41.97,1
3.82,15.56,59.43,1
3.06,10.44,31.98,0
3.37,13.69,46.1,1
1.13,4.81,5.42,1
2.6,9.42,24.46,1
1.08,3.35,3.6,0
5.3,18.46,97.8,0
1.92,6.67,12.82,1
1.38,6.07,8.34,1
2.88,10.89,31.31,1
0.49,2.79,1.37,0
0.49,1.38,0.68,0
2.36,9.53,22.5,1
0.99,3.18,3.15,0
2.17,7.49,16.29,1
0.79,2.91,2.29,1
3.31,12.03,39.8,1
4.98,17.7,88.15,0
3.37,12.65,42.59,1
3.17,12.13,38.46,1
3.34,13.71,45.83,1
1.39,6.04,8.4,1
2.87,11.89,34.17,1
3.19,12.68,40.42,1
3.77,14.59,55.02,1
1.61,5.15,8.32,1
1.16,4.54,5.28,1
2.99,11.83,35.33,1
0.51,3.12,1.6,1
3.2,12.71,40.65,1
0.85,4.22,3.59,0
0.87,2.46,2.13,0
0.8,2.77,2.22,0
1.23,5.02,6.17,1
1.21,5.53,6.69,0
0.76,2.77,2.1,1
0.66,2.43,1.6,1
3.79,14.95,56.62,1
0.15,0.5,0.08,0
4.2,17.23,72.29,0
0.2,0.5,0.1,1
4.62,16.01,73.93,1
0.68,2.58,1.74,1
0.1,1.74,0.17,1
3.56,13.99,49.81,1
2.77,11.13,30.82,0
0.56,2.17,1.22,0
3.16,11.87,37.47,1
2.12,6.81,14.43,0
0.89,1.57,1.4,1
0.1,0.54,0.05,0
3.69,15.07,55.61,1
4.34,16.78,72.89,1
0.35,1.82,0.64,1
0.87,4.59,4.01,1
0.1,0.64,0.06,0
3.28,12.38,40.66,1
3.05,10.94,33.4,1
3.37,14.42,48.6,1
4.92,19.12,94.08,0
3.68,13.23,48.67,0
0.1,0.5,0.05,1
0.1,1.38,0.14,1
1.11,3.37,3.73,1
4.44,18.35,81.41,1
0.32,0.5,0.16,0
6.22,24.77,154.08,0
3.75,14.63,54.81,0
4.02,15.36,61.67,0
2.82,10.57,29.78,0
3.15,13.49,42.53,0
1.19,5.07,6.01,1
2.23,7.76,17.33,1
4.44,15.51,68.89,1
0.1,0.52,0.05,0
1.08,4.12,4.46,1
1.77,5.52,9.78,0
2.91,11.03,32.13,1
3.26,11.93,38.92,1
1.23,4.68,5.74,1
0.71,3.29,2.34,0
1.12,5.43,6.06,0
2.81,11.41,32.08,1
4.27,15.65,66.83,0
3.32,12.9,42.81,1
2.95,11.25,33.13,1
3.21,11.13,35.73,1
1.11,4.53,5.02,1
4.25,17.65,75.04,0
1.73,6.6,11.43,1
4.66,16.45,76.71,0
0.1,0.5,0.05,0
0.1,0.5,0.05,1
4.37,17.32,75.75,1
0.99,4.19,4.16,0
0.1,0.5,0.05,1
0.38,1.18,0.45,1
3.31,12.41,41.06,1
3.74,14.23,53.3,0
0.65,1.86,1.21,1
3.27,11.3,36.92,1
0.75,3.75,2.8,0
4.29,16.01,68.76,0
2.67,10.28,27.46,1
3.86,14.91,57.62,1
3.16,12.25,38.65,1
0.1,0.5,0.05,1
3.23,10.93,35.28,0
1.32,4.56,6.04,1
2.72,10.66,28.99,1
3.28,11.88,38.93,1
3.62,13.46,48.67,1
0.74,4.51,3.34,1
4.38,15.18,66.54,1
3.87,14.11,54.66,1
0.95,5.14,4.89,1
3.03,11.47,34.72,1
0.85,2.65,2.25,0
3.27,13.37,43.77,1
0.98,3.76,3.67,1
0.1,0.5,0.05,0
3.93,15.09,59.33,1
3.22,11.72,37.75,1
1.89,6.35,11.97,0
0.61,2.22,1.35,0
0.76,2.09,1.6,1
0.75,2.86,2.15,1
3.41,13.25,45.2,1
4.39,17.36,76.19,1
0.74,3.73,2.78,1
3.36,12.44,41.81,0
1.23,5.06,6.21,0
0.83,3.54,2.93,1
3.32,12.88,42.74,1
0.1,0.5,0.05,1
3.78,13.56,51.31,1
0.1,0.78,0.08,1
2.76,9.11,25.12,0
0.1,0.5,0.05,0
0.1,0.5,0.05,1
0.44,0.58,0.25,0
2.0,6.92,13.86,1
0.1,1.26,0.13,1
5.01,19.58,98.1,0
0.5,1.46,0.73,0
0.79,3.58,2.82,1
0.86,3.97,3.41,1
0.92,3.36,3.08,1
3.63,12.67,45.96,1
2.82,10.56,29.8,1
1.49,5.57,8.28,1
0.38,0.5,0.19,0
0.1,0.67,0.07,1
0.29,1.32,0.38,0
0.52,2.32,1.2,0
1.04,4.16,4.3,0
3.72,14.72,54.76,0
3.43,12.89,44.2,1
2.99,11.51,34.37,1
0.81,2.77,2.26,0
0.1,0.5,0.05,1
3.84,15.68,60.29,1
0.1,0.5,0.05,0
0.63,3.1,1.96,0
2.04,7.27,14.85,1
1.96,6.86,13.47,1
0.91,3.67,3.34,1
1.04,2.76,2.87,1
0.65,1.81,1.17,0
3.32,11.92,39.54,1
0.41,1.39,0.58,0
3.7,13.4,49.51,1
2.61,11.19,29.19,1
1.16,5.86,6.82,1
4.38,15.02,65.8,1
0.68,3.03,2.07,0
0.1,1.07,0.11,0
0.88,3.79,3.34,0
4.53,16.68,75.56,1
0.43,1.45,0.63,0
3.18,11.49,36.57,1
0.3,0.82,0.25,0
3.73,13.2,49.22,1
1.21,4.51,5.47,1
0.52,0.76,0.39,0
0.1,0.5,0.05,0
4.54,16.27,73.9,0
0.37,1.58,0.59,1
0.5,1.35,0.67,0
3.58,13.85,49.61,1
0.1,1.25,0.12,1
1.06,5.3,5.61,1
3.7,12.02,44.45,1
0.11,0.5,0.05,0
0.19,0.5,0.1,0
4.09,15.92,65.18,0
2.43,7.91,19.2,0
0.58,1.4,0.81,0
0.99,3.86,3.81,0
0.1,0.5,0.05,1
0.1,0.68,0.07,0
1.31,5.34,7.0,1
0.1,0.65,0.07,0
3.37,12.95,43.58,1
0.89,3.42,3.04,1
0.1,0.91,0.09,0
0.43,0.5,0.22,0
2.03,8.97,18.24,1
4.28,14.5,62.04,0
4.0,14.32,57.24,1
3.24,12.14,39.37,1
3.54,13.98,49.45,1
0.34,0.5,0.17,1
0.1,0.5,0.05,0
0.1,1.01,0.1,1
0.1,1.18,0.12,0
5.35,19.78,105.88,1
2.63,9.74,25.6,0
2.84,10.3,29.28,1
3.7,13.75,50.88,0
0.59,1.44,0.85,1
3.58,12.89,46.14,0
2.76,10.84,29.93,1
1.56,6.03,9.39,0
4.38,17.03,74.57,0
0.17,0.82,0.14,0
2.47,9.95,24.56,1
0.53,2.7,1.42,1
0.32,0.5,0.16,1
0.67,1.86,1.25,0
3.94,14.79,58.26,1
0.1,0.5,0.05,0
0.1,0.5,0.05,1
4.96,19.59,97.24,1
0.4,3.09,1.22,1
4.15,15.92,66.07,1
1.57,6.02,9.44,0
3.61,14.42,52.11,1
0.98,2.25,2.21,0
0.51,1.95,0.99,1
1.9,7.99,15.16,1
2.79,10.08,28.1,1
0.1,0.5,0.05,1
3.04,11.4,34.67,1
1.98,7.48,14.82,1
3.2,11.42,36.48,1
0.47,3.48,1.65,1
3.08,11.32,34.85,1
0.97,2.78,2.71,1
2.55,9.62,24.54,1
2.65,10.78,28.51,0
1.73,6.58,11.38,0
3.8,14.85,56.48,1
3.79,13.69,51.82,1
0.3,2.34,0.71,1
0.1,0.83,0.08,0
2.71,11.14,30.21,1
0.77,3.23,2.5,1
0.47,2.46,1.16,0
1.1,3.47,3.8,1
4.18,15.49,64.71,1
0.1,1.46,0.15,1
0.69,3.88,2.69,1
0.1,0.5,0.05,0
0.52,2.16,1.11,1
1.0,3.46,3.47,0
4.14,15.16,62.71,0
1.92,7.54,14.5,0
1.44,6.37,9.16,1
0.16,0.97,0.15,1
0.69,2.37,1.63,1
0.1,0.79,0.08,0
0.1,0.5,0.05,0
0.1,0.71,0.07,1
1.27,5.94,7.55,0
0.1,0.5,0.05,0
1.29,5.54,7.16,0
0.56,0.9,0.5,0
0.1,1.36,0.14,0
1.87,6.6,12.35,0
0.55,1.1,0.6,1
2.14,8.7,18.65,0
2.39,9.38,22.46,1
0.72,1.95,1.42,0
0.62,1.37,0.86,1
0.1,0.5,0.05,1
3.36,11.82,39.76,1
4.04,14.49,58.49,1
1.51,5.83,8.8,0
3.45,12.35,42.63,1
0.1,0.72,0.07,1
3.91,16.05,62.76,1
0.37,1.28,0.47,1
1.55,5.98,9.26,1
0.1,1.99,0.2,0
0.59,1.29,0.76,1
0.1,1.33,0.13,0
0.8,3.9,3.12,1
3.62,14.43,52.16,0
3.71,15.12,56.07,1
0.1,0.6,0.06,0
1.51,5.27,7.96,1
3.52,14.26,50.22,1
0.1,1.29,0.13,0
3.16,12.91,40.83,1
3.27,12.48,40.84,1
1.47,5.01,7.37,1
3.11,11.98,37.32,1
3.08,12.45,38.34,1
1.46,6.38,9.32,0
1.64,5.87,9.6,0
1.34,5.35,7.18,1
0.44,0.63,0.28,1
2.44,10.06,24.55,1
4.08,14.86,60.57,1
1.55,6.53,10.14,0
0.54,1.14,0.62,0
3.31,13.41,44.41,1
1.08,4.34,4.67,1
3.2,11.55,37.03,1
3.43,13.58,46.53,1
3.77,13.87,52.33,0
3.74,14.8,55.3,0
0.73,2.54,1.84,1
2.91,9.68,28.16,1
0.2,0.5,0.1,1
0.11,0.5,0.05,1
2.93,12.24,35.91,1
0.15,1.3,0.2,1
0.86,4.57,3.94,0
0.36,2.69,0.97,0
4.01,14.8,59.31,0
0.1,0.5,0.05,1
3.19,11.78,37.55,1
0.92,2.97,2.74,1
0.19,0.5,0.1,1
4.28,16.26,69.62,0
0.1,0.5,0.05,1
0.54,2.03,1.1,1
4.46,18.64,83.13,0
0.1,0.5,0.05,0
0.1,0.54,0.05,0
3.49,13.97,48.69,0
0.1,0.6,0.06,0
4.19,16.14,67.54,0
3.01,11.16,33.64,0
0.44,1.47,0.64,0
0.1,0.5,0.05,0
0.1,1.06,0.11,1
0.79,1.61,1.28,1
0.1,1.16,0.12,1
1.5,4.58,6.86,1
3.32,13.38,44.42,1
0.55,1.81,0.99,0
1.71,5.5,9.38,1
3.3,13.01,42.98,1
3.0,12.15,36.44,1
5.35,19.98,106.89,1
3.08,12.29,37.87,1
5.15,17.76,91.55,0
0.1,0.5,0.05,0
3.44,14.11,48.58,1
0.41,1.37,0.56,0
2.14,6.64,14.21,1
4.23,15.53,65.75,1
3.63,13.06,47.4,1
3.48,13.1,45.64,1
1.26,4.51,5.7,0
0.6,2.41,1.44,0
0.3,1.08,0.32,0
3.5,14.4,50.46,1
3.47,13.53,46.97,0
2.87,11.25,32.25,1
0.9,4.34,3.89,1
0.34,0.96,0.32,0
3.86,13.65,52.68,1
0.1,1.35,0.13,1
1.13,4.41,5.0,0
3.47,13.31,46.2,0
0.69,2.11,1.46,0
0.75,2.35,1.76,1
2.89,11.66,33.68,1
0.1,1.17,0.12,1
4.39,17.31,75.98,1
1.83,7.59,13.91,0
1.01,4.31,4.36,1
1.62,6.25,10.1,0
2.9,10.87,31.49,1
0.91,4.41,4.0,1
3.79,14.09,53.36,1
2.63,10.29,27.05,0
2.59,9.19,23.77,0
3.36,12.24,41.11,1
3.09,11.57,35.78,1
1.75,6.02,10.57,1
0.94,4.22,3.97,0
1.36,4.07,5.52,1
3.0,11.49,34.52,1
1.13,4.39,4.96,0
0.94,2.13,2.01,0
0.65,2.12,1.38,1
0.7,2.87,2.01,1
2.65,10.43,27.68,1
2.55,9.52,24.27,1
2.85,11.38,32.44,1
3.64,13.73,49.9,0
3.45,13.13,45.3,1
3.35,12.95,43.43,0
2.96,11.98,35.43,0
0.21,0.5,0.1,1
0.3,0.74,0.22,1
3.46,12.59,43.52,1
0.1,0.5,0.05,1
3.11,12.94,40.2,1
3.82,14.96,57.11,0
3.6,12.78,46.0,0
1.63,5.7,9.27,1
3.38,13.16,44.53,0
3.09,11.0,33.95,1
1.8,6.26,11.27,1
0.1,1.46,0.15,1
2.31,8.28,19.12,0
0.1,1.14,0.11,0
4.73,18.98,89.8,1
0.83,2.55,2.11,1
4.42,16.08,71.02,1
0.94,3.35,3.15,1
0.1,0.5,0.05,0
4.2,16.07,67.56,1
0.1,0.5,0.05,1
0.66,2.81,1.87,1
0.34,2.4,0.81,1
1.65,6.94,11.47,0
1.03,4.31,4.44,0
0.21,0.5,0.11,0
0.76,3.25,2.48,0
0.23,2.26,0.52,0
0.56,0.5,0.28,0
3.97,15.65,62.22,1
4.07,15.34,62.42,1
4.53,16.54,74.91,0
0.92,4.14,3.8,0
3.89,16.14,62.77,0
0.31,1.8,0.56,0
2.73,10.08,27.55,1
0.29,0.5,0.14,0
1.6,6.2,9.92,0
1.7,7.15,12.15,1
4.01,14.94,59.94,1
3.73,13.93,51.89,1
4.44,19.11,84.76,1
1.38,6.09,8.39,1
3.56,14.45,51.41,1
2.75,9.28,25.54,1
0.15,0.5,0.07,1
3.24,12.36,40.0,1
0.36,0.58,0.21,1
0.15,1.85,0.28,0
3.06,12.75,38.99,1
0.1,0.5,0.05,0
0.98,5.16,5.07,0
0.1,0.5,0.05,0
4.41,18.83,83.06,1
4.21,16.1,67.72,0
3.91,15.32,59.9,1
1.21,5.71,6.91,1
1.76,7.7,13.53,1
3.31,12.97,42.89,1
1.27,4.7,5.96,1
3.01,11.85,35.68,0
0.24,0.5,0.12,0
2.2,8.5,18.73,0
3.62,12.89,46.7,1
2.17,6.81,14.74,0
3.68,14.02,51.57,0
0.7,3.66,2.56,1
3.0,12.13,36.39,0
4.35,16.48,71.72,0
2.3,10.14,23.32,0
3.8,14.0,53.22,0
0.1,0.5,0.05,1
3.79,12.65,47.95,0
1.9,6.26,11.86,0
1.13,4.96,5.62,0
0.1,0.5,0.05,1
0.1,0.75,0.07,1
0.41,2.89,1.2,0
1.44,4.58,6.59,1
1.22,5.01,6.1,1
0.69,3.05,2.1,0
0.44,0.99,0.44,0
4.8,19.32,92.7,1
1.61,5.89,9.47,0
1.07,3.74,3.98,1
1.96,9.15,17.97,1
1.36,5.57,7.56,0
1.22,5.36,6.51,1
1.29,5.98,7.69,0
3.1,11.24,34.8,0
3.03,12.51,37.88,1
0.1,0.5,0.05,1
0.92,3.06,2.81,1
1.26,4.56,5.72,1
3.09,11.24,34.71,1
0.67,3.21,2.16,1
2.44,9.48,23.11,1
0.22,0.5,0.11,0
0.64,2.97,1.91,1
3.84,14.36,55.08,1
0.41,1.3,0.53,1
3.88,14.79,57.39,1
4.43,17.21,76.25,1
0.48,2.12,1.01,1
5.1,19.08,97.23,1
2.85,11.52,32.88,1
3.5,13.11,45.82,1
0.1,0.5,0.05,0
0.12,0.5,0.06,0
0.64,3.21,2.04,0
0.58,2.22,1.3,0
2.98,11.51,34.34,0
1.45,6.33,9.17,0
0.1,0.5,0.05,1
1.49,4.57,6.83,1
0.91,3.53,3.23,0
0.1,0.63,0.06,0
2.02,7.45,15.03,1
1.94,8.56,16.65,1
0.75,0.88,0.66,1
3.05,12.5,38.15,1
3.76,14.91,56.01,1
1.08,4.46,4.8,1
2.73,7.7,21.02,0
3.53,14.42,50.85,1
3.93,14.11,55.45,1
3.33,12.26,40.86,0
3.1,11.63,36.04,1
1.25,5.08,6.36,1
2.8,11.15,31.22,1
0.48,2.53,1.21,1
1.65,6.94,11.48,0
1.38,5.45,7.54,1
4.3,16.68,71.74,1
0.18,0.5,0.09,1
0.28,0.5,0.14,0
1.48,6.34,9.4,0
3.45,13.79,47.62,1
2.56,10.3,26.36,1
0.9,3.03,2.74,1
0.23,1.59,0.36,1
2.73,9.44,25.74,0
0.59,3.09,1.81,0
0.1,0.5,0.05,1
0.68,3.94,2.7,1
4.45,15.69,69.8,1
0.82,4.52,3.7,1
0.69,2.35,1.63,0
4.28,15.96,68.3,1
0.82,3.28,2.7,1
3.16,11.44,36.14,1
0.1,0.5,0.05,0
4.89,17.98,87.91,1
0.1,0.5,0.05,1
0.6,2.67,1.6,1
0.72,2.01,1.45,1
0.51,1.34,0.69,0
0.95,2.5,2.37,1
3.17,11.64,36.89,1
3.22,13.3,42.89,1
0.1,0.5,0.05,0
2.05,7.21,14.8,0
1.65,6.43,10.61,0
2.64,9.75,25.76,1
0.38,3.24,1.24,1
3.33,12.51,41.64,0
0.1,0.65,0.06,1
1.53,6.58,10.08,1
0.1,1.12,0.11,1
1.88,7.35,13.85,0
3.36,12.64,42.46,1
4.79,19.82,94.95,1
5.25,19.88,104.4,1
3.11,11.46,35.61,1
1.3,4.4,5.7,1
3.14,10.55,33.12,1
0.41,2.23,0.92,0
0.47,0.5,0.24,1
2.91,11.05,32.13,1
3.96,14.89,59.02,1
0.1,2.17,0.22,0
3.69,12.55,46.32,0
0.1,0.5,0.05,1
1.69,6.32,10.68,1
1.66,6.15,10.2,0
0.53,1.59,0.85,1
0.34,1.21,0.41,1
4.34,15.49,67.29,1
3.31,12.86,42.56,1
0.61,0.5,0.3,1
3.13,11.87,37.16,0
0.68,2.1,1.43,0
0.5,2.7,1.33,0
1.17,5.86,6.87,0
0.19,0.5,0.09,0
2.98,12.42,36.98,1
0.54,1.79,0.97,1
3.59,12.88,46.28,0
0.1,1.78,0.18,0
0.47,2.21,1.04,0
7.01,26.66,186.97,0
0.1,0.93,0.09,1
0.1,0.6,0.06,1
0.1,0.5,0.05,0
3.13,10.83,33.88,1
1.64,6.02,9.89,1
3.32,13.1,43.47,0
5.06,19.13,96.76,1
4.27,16.96,72.49,1
3.77,14.63,55.18,1
1.14,3.62,4.12,0
1.63,5.15,8.4,1
1.66,6.2,10.32,1
0.1,0.5,0.05,1
1.44,5.74,8.26,1
3.29,11.91,39.13,1
3.35,12.25,41.07,1
2.16,9.04,19.52,0
0.46,1.88,0.87,1
0.84,2.64,2.22,0
0.6,2.28,1.36,1
0.1,1.48,0.15,0
0.1,0.62,0.06,1
0.1,0.85,0.09,1
3.51,12.73,44.69,0
0.93,4.36,4.07,0
0.31,3.02,0.93,1
5.06,18.58,93.95,0
2.76,9.53,26.29,0
0.22,0.98,0.22,0
0.38,2.16,0.83,1
1.48,5.54,8.19,0
0.97,2.83,2.74,1
4.29,16.22,69.65,0
3.49,13.75,47.99,1
0.76,2.57,1.96,1
3.81,14.95,56.91,0
3.96,15.97,63.2,1
2.59,10.03,25.95,1
3.34,12.68,42.39,0
0.17,1.32,0.23,0
3.4,12.24,41.61,1
0.92,2.72,2.5,0
0.83,2.95,2.45,1
4.0,14.81,59.25,1
1.56,5.27,8.19,1
0.1,1.84,0.18,1
1.38,6.98,9.62,1
0.12,0.5,0.06,1
3.42,13.08,44.78,0
0.28,0.91,0.25,1
0.78,3.85,3.01,0
3.86,15.7,60.58,1
0.31,0.5,0.16,0
0.73,3.15,2.3,1
0.1,0.5,0.05,0
3.48,14.62,50.81,1
3.93,15.3,60.16,1
4.59,16.78,77.01,1
3.39,12.71,43.14,1
0.54,1.81,0.97,0
3.96,15.46,61.17,1
4.08,16.33,66.56,0
0.1,0.5,0.05,0
1.54,7.31,11.25,0
0.25,2.23,0.56,0
2.75,9.74,26.76,1
3.27,12.48,40.8,1
3.51,14.69,51.5,1
2.19,9.29,20.32,1
0.1,0.5,0.05,0
1.74,7.26,12.63,0
1.75,9.04,15.78,0
0.2,0.86,0.18,0
0.1,0.5,0.05,1
7.32,27.95,204.52,0
1.75,6.87,12.05,0
0.1,0.5,0.05,0
2.23,8.82,19.64,0
2.02,6.68,13.49,0
4.4,16.21,71.38,1
0.1,0.99,0.1,0
3.01,10.02,30.11,1
4.53,17.94,81.3,1
0.41,0.5,0.2,0
0.59,0.86,0.51,1
4.93,18.32,90.27,1
3.84,14.81,56.84,1
1.66,7.38,12.28,1
2.18,8.31,18.09,1
3.87,14.52,56.26,0
0.77,3.41,2.64,1
0.1,0.5,0.05,0
0.1,0.5,0.05,1
0.1,0.5,0.05,0
1.11,4.3,4.79,1
0.26,0.87,0.23,1
3.45,12.48,43.11,0
4.68,17.91,83.8,0
3.96,15.18,60.13,0
3.23,13.22,42.69,0
3.11,10.52,32.68,1
4.01,15.19,60.97,1
1.16,3.82,4.44,1
0.84,3.91,3.3,0
3.06,12.21,37.32,1
0.1,0.79,0.08,0
0.1,0.5,0.05,0
0.78,3.67,2.85,1
3.67,12.74,46.79,0
1.18,3.1,3.67,1
2.99,10.33,30.88,1
1.93,7.3,14.07,1
1.51,6.27,9.47,1
0.81,0.71,0.58,1
0.89,4.45,3.98,1
0.27,1.14,0.31,1
3.4,11.68,39.73,1
2.3,8.82,20.3,1
4.64,18.5,85.81,1
0.68,3.07,2.09,0
2.57,10.65,27.38,1
0.1,0.5,0.05,1
3.08,11.38,35.06,1
2.92,10.37,30.32,1
0.9,4.78,4.29,1
0.31,1.7,0.53,0
1.04,6.25,6.53,1
0.1,0.5,0.05,0
0.35,0.74,0.26,0
0.1,0.5,0.05,0
0.1,1.48,0.15,0
0.1,0.5,0.05,1
0.98,3.82,3.74,1
0.7,2.73,1.9,0
3.65,13.89,50.67,1
1.84,6.47,11.92,1
0.97,3.56,3.44,1
0.1,0.5,0.05,1
0.1,0.5,0.05,1
3.06,12.38,37.89,0
0.99,5.16,5.09,0
0.97,3.02,2.93,0
2.49,9.14,22.75,0
4.65,16.99,78.94,0
0.95,3.74,3.54,0
3.23,11.86,38.33,1
1.84,7.2,13.28,1
0.14,1.4,0.19,0
4.11,13.59,55.84,0
0.86,3.65,3.13,0
0.1,0.5,0.05,0
1.5,6.08,9.13,1
0.1,0.5,0.05,0
0.73,3.73,2.71,0
0.69,3.35,2.3,1
0.56,2.57,1.43,0
2.07,8.5,17.58,0
2.3,8.14,18.73,1
0.46,1.25,0.57,1
1.27,5.42,6.88,0
0.61,1.68,1.02,0
0.72,3.88,2.78,1
0.1,0.5,0.05,0
3.21,12.6,40.44,0
0.41,3.23,1.32,0
0.79,2.42,1.9,0
3.04,11.61,35.29,0
0.94,4.42,4.17,0
1.58,6.77,10.69,1
4.4,16.47,72.5,1
1.47,5.18,7.62,0
0.43,1.46,0.63,0
0.47,2.93,1.36,1
0.89,3.15,2.79,1
5.67,21.62,122.6,0
0.1,0.5,0.05,0
0.44,2.23,0.98,0
3.12,12.0,37.48,0
1.34,4.3,5.77,1
3.14,11.18,35.14,0
3.08,10.1,31.11,1
1.99,6.9,13.73,1
4.67,18.38,85.79,1
2.84,11.85,33.64,1
5.6,21.84,122.34,0
0.72,3.16,2.26,1
0.5,1.81,0.91,0
3.31,13.21,43.75,1
2.06,8.04,16.53,0
0.14,1.99,0.28,0
3.92,14.81,58.06,0
1.1,5.26,5.79,0
0.26,1.68,0.43,0
0.1,0.97,0.1,0
1.4,3.71,5.2,0
5.61,22.08,123.96,1
1.51,5.63,8.48,0
4.08,15.16,61.89,1
0.1,0.5,0.05,0
0.1,0.5,0.05,0
1.02,3.9,3.97,1
0.37,0.5,0.18,0
5.12,18.29,93.67,1
1.51,6.13,9.27,1
1.41,6.07,8.58,0
0.1,0.53,0.05,0
1.29,5.83,7.52,0
0.17,0.59,0.1,1
1.27,4.78,6.07,0
0.63,1.65,1.03,1
0.99,2.52,2.49,0
0.1,1.86,0.19,0
2.35,9.83,23.07,0
4.04,14.25,57.6,1
1.02,4.01,4.09,0
0.31,1.09,0.34,0
0.1,0.5,0.05,0
2.13,7.78,16.58,0
3.35,13.02,43.59,1
0.63,3.06,1.94,0
2.91,11.38,33.11,1
3.62,13.65,49.35,1
2.63,9.88,26.02,0
2.55,10.45,26.66,1
0.7,3.05,2.15,0
4.01,15.3,61.34,1
0.51,1.92,0.99,1
1.12,4.55,5.11,1
3.36,12.4,41.7,1
0.34,1.96,0.67,0
1.0,2.94,2.94,1
0.24,0.59,0.14,0
0.32,1.71,0.55,0
1.32,4.12,5.44,1
0.72,1.5,1.08,1
1.14,4.39,5.01,0
1.06,2.69,2.86,1
0.25,0.5,0.12,1
1.8,7.43,13.36,0
3.2,12.0,38.4,1
0.84,4.22,3.55,1
1.29,3.94,5.08,1
4.14,15.64,64.67,1
0.56,2.46,1.38,1
4.39,15.75,69.13,1
4.05,16.22,65.68,1
0.42,2.02,0.86,1
2.44,7.98,19.46,0
3.63,13.76,49.93,1
0.84,3.52,2.97,1
0.66,2.04,1.35,0
0.75,1.66,1.25,0
1.2,4.77,5.7,1
4.19,17.71,74.28,1
3.35,12.42,41.62,1
0.65,3.72,2.42,0
1.3,4.33,5.61,1
1.71,6.66,11.37,0
4.54,17.85,80.99,0
3.77,14.33,54.05,1
3.13,11.66,36.51,1
3.17,12.61,39.94,1
3.62,15.28,55.39,1
1.09,4.39,4.8,0
0.87,2.87,2.49,0
1.07,3.92,4.21,0
2.75,12.47,34.3,1
0.96,3.75,3.59,1
0.5,1.41,0.7,1
1.02,2.95,3.01,0
3.61,12.26,44.28,1
3.51,13.64,47.92,1
3.79,14.91,56.49,0
2.83,10.44,29.58,0
2.7,10.26,27.76,1
2.9,10.07,29.19,1
2.77,10.64,29.52,1
0.88,3.73,3.29,1
0.66,2.1,1.39,1
0.83,4.52,3.78,0
3.02,10.81,32.67,1
0.1,0.61,0.06,1
0.91,4.12,3.73,1
2.82,10.64,29.94,1
0.78,2.8,2.17,1
4.18,14.74,61.57,1
4.08,16.59,67.68,1
1.19,4.38,5.2,1
3.34,13.13,43.87,1
0.1,0.92,0.09,1
4.02,14.78,59.43,1
3.23,12.11,39.08,1
0.1,1.45,0.14,0
4.39,15.77,69.17,1
4.45,18.61,82.82,1
3.31,11.98,39.65,1
1.3,3.98,5.17,0
3.04,11.66,35.44,1
0.97,5.46,5.32,1
3.2,10.62,33.94,1
3.58,13.49,48.26,1
2.55,10.06,25.63,1
2.36,9.01,21.3,1
2.92,11.38,33.18,1
0.1,0.5,0.05,1
3.43,12.55,43.06,0
0.5,1.79,0.89,0
0.1,0.5,0.05,0
0.1,0.5,0.05,0
0.53,1.69,0.89,0
3.5,12.91,45.1,1
0.67,2.81,1.89,1
0.78,1.5,1.17,1
0.18,0.5,0.09,1
4.38,18.5,81.08,1
3.64,12.95,47.12,1
2.13,9.13,19.44,0
3.01,11.47,34.5,1
3.19,11.65,37.22,1
0.1,0.5,0.05,0
3.15,12.08,38.08,1
4.66,18.88,88.05,1
0.86,2.96,2.56,1
0.1,0.5,0.05,1
4.55,18.1,82.38,1
4.41,17.02,75.04,1
0.1,0.5,0.05,1
4.34,16.58,71.98,1
3.29,13.7,45.02,1
4.6,17.45,80.28,1
3.18,9.89,31.45,1
3.56,13.84,49.27,1
4.21,15.83,66.58,1
0.74,1.35,0.99,0
3.17,10.7,33.92,1
3.44,13.85,47.62,1
0.45,1.14,0.52,0
4.41,16.01,70.54,1
3.37,12.79,43.11,0
3.04,11.04,33.57,1
0.47,1.85,0.86,1
0.94,3.41,3.2,1
1.6,5.11,8.16,0
1.2,4.16,4.99,1
4.23,16.43,69.51,1
2.55,9.71,24.73,1
0.22,0.79,0.18,1
3.33,14.21,47.33,1
1.78,7.36,13.12,1
2.84,11.48,32.62,1
2.64,9.89,26.11,1
2.69,10.41,28.01,0
0.1,0.5,0.05,1
0.83,3.79,3.17,0
0.77,2.84,2.18,1
0.63,2.56,1.61,0
0.49,1.98,0.97,0
2.2,8.36,18.42,0
0.26,3.35,0.88,0
0.1,0.5,0.05,1
3.03,10.96,33.16,1
2.68,10.74,28.8,0
4.01,14.75,59.07,0
3.43,12.82,44.01,1
0.6,1.4,0.84,0
1.44,5.86,8.42,1
0.43,2.06,0.89,1
1.5,5.45,8.19,0
0.83,3.72,3.08,1
3.45,11.61,39.98,1
2.69,9.67,26.03,1
0.48,1.71,0.83,1
4.09,14.62,59.83,1
3.71,12.71,47.19,1
3.76,14.06,52.93,1
4.09,16.11,65.91,1
2.7,11.27,30.4,1
4.14,15.29,63.32,1
2.79,11.2,31.26,1
1.03,4.4,4.52,0
1.24,5.67,7.0,0
2.81,10.38,29.13,1
3.36,11.34,38.15,1
0.96,3.7,3.55,0
4.17,15.02,62.58,1
0.1,0.5,0.05,0
0.69,2.39,1.65,0
2.8,10.37,29.05,1
0.1,0.5,0.05,1
0.1,0.94,0.09,1
1.43,5.14,7.34,1
3.67,14.24,52.21,1
3.37,12.82,43.22,1
3.31,13.34,44.17,1
0.25,0.82,0.21,0
1.91,7.19,13.73,0
3.0,11.08,33.2,0
3.23,12.16,39.33,1
2.86,10.25,29.33,1
3.69,13.31,49.1,1
0.77,3.54,2.72,0
0.45,0.84,0.38,1
1.02,3.63,3.72,1
0.22,1.64,0.36,1
4.02,15.0,60.3,0
0.68,3.25,2.21,0
4.75,17.57,83.4,1
0.51,1.11,0.57,1
3.43,11.75,40.31,1
0.1,1.43,0.14,1
4.44,15.95,70.74,1
0.1,0.98,0.1,1
1.12,3.45,3.85,1
4.38,17.71,77.6,1
3.26,14.14,46.04,1
3.28,11.12,36.49,0
0.49,1.01,0.5,1
3.42,13.63,46.65,1
0.69,3.02,2.07,1
0.41,2.19,0.9,0
0.98,3.25,3.17,0
0.1,1.97,0.2,1
0.31,1.27,0.39,0
1.9,6.26,11.91,0
0.91,3.24,2.94,1
3.65,12.89,47.02,1
3.69,15.3,56.46,1
3.65,13.35,48.74,1
4.29,16.7,71.62,1
1.38,4.87,6.71,0
1.04,3.45,3.57,1
0.13,0.5,0.07,1
3.19,12.59,40.12,1
4.02,16.33,65.72,1
0.71,1.96,1.38,0
3.5,12.06,42.19,1
0.75,3.49,2.62,0
2.69,8.89,23.9,0
2.48,10.41,25.83,0
0.56,1.39,0.77,1
0.45,0.84,0.38,0
0.74,3.0,2.22,1
0.1,0.5,0.05,0
0.98,3.14,3.06,1
0.75,3.12,2.33,1
0.8,1.11,0.89,1
0.3,2.44,0.73,1
0.1,0.5,0.05,1
0.78,1.95,1.53,0
0.84,2.4,2.02,0
0.1,1.17,0.12,0
2.67,10.61,28.29,1
3.79,15.5,58.69,1
0.5,1.36,0.68,1
3.99,15.38,61.31,0
0.68,2.92,1.98,1
3.31,13.13,43.43,1
4.78,19.07,91.18,1
0.13,0.5,0.06,1
0.1,0.5,0.05,0
3.32,12.12,40.18,1
2.32,8.76,20.3,0
3.44,13.63,46.91,1
1.16,3.09,3.59,0
0.93,4.43,4.14,0
0.1,0.5,0.05,0
0.1,0.5,0.05,0
4.38,17.65,77.36,1
2.91,11.34,33.05,1
3.09,12.01,37.13,1
0.1,0.5,0.05,1
0.61,1.48,0.9,1
0.1,1.13,0.11,1
0.36,0.88,0.32,0
3.78,13.96,52.77,1
0.51,2.71,1.39,0
1.72,5.68,9.76,1
0.75,3.05,2.28,0
0.34,1.31,0.44,1
1.13,4.3,4.87,1
0.34,0.88,0.3,1
3.5,12.84,44.97,1
3.12,11.01,34.41,1
0.1,0.77,0.08,0
2.39,8.56,20.49,1
0.5,2.68,1.34,1
3.86,14.49,55.91,1
0.1,0.5,0.05,0
2.79,10.42,29.1,1
0.14,0.5,0.07,1
4.0,16.03,64.18,1
0.92,3.21,2.95,1
3.89,14.58,56.75,1
0.4,2.64,1.05,1
0.63,2.8,1.76,1
3.14,13.25,41.57,1
3.97,16.07,63.74,1
1.55,5.19,8.05,1
0.86,4.05,3.48,0
0.32,2.43,0.78,1
0.1,1.61,0.16,1
0.31,1.96,0.6,1
0.18,1.46,0.27,1
0.2,0.51,0.1,1
3.27,11.74,38.36,1
0.15,0.5,0.08,0
3.93,13.59,53.35,1
0.1,1.45,0.15,1
0.71,2.48,1.76,1
1.29,5.93,7.63,0
3.2,11.17,35.7,1
4.02,16.15,64.92,1
0.8,2.64,2.1,1
0.64,1.42,0.91,0
3.81,15.79,60.22,0
0.1,1.27,0.13,1
4.13,15.87,65.61,0
4.27,16.26,69.45,0
2.91,11.4,33.16,1
4.2,16.11,67.66,1
3.66,13.29,48.72,1
0.76,2.55,1.93,0
0.1,1.95,0.19,1
4.4,18.87,83.07,1
2.92,12.35,36.1,1
3.01,11.81,35.51,1
1.66,6.02,9.96,0
3.57,12.93,46.17,1
3.3,11.94,39.34,1
0.1,0.5,0.05,1
0.71,4.4,3.11,1
0.1,1.83,0.18,1
2.75,11.04,30.35,1
3.87,13.93,53.87,1
4.57,18.07,82.51,1
1.56,5.73,8.94,0
3.94,13.24,52.11,1
0.92,3.74,3.45,1
3.81,13.8,52.59,1
3.21,11.54,36.98,1
3.18,11.88,37.77,1
4.39,16.27,71.4,1
1.34,5.05,6.75,0
1.75,6.57,11.49,0
0.66,0.99,0.65,1
1.1,5.38,5.9,1
3.96,14.27,56.57,1
2.72,9.56,25.99,1
0.1,0.5,0.05,0
4.03,15.24,61.48,1
3.51,14.52,51.03,1
3.83,14.76,56.47,0
0.1,0.83,0.08,0
0.17,0.88,0.15,1
0.65,2.64,1.7,0
3.52,13.64,48.07,1
0.82,1.56,1.28,1
0.86,3.06,2.62,1
3.21,13.14,42.2,1
2.9,14.19,41.19,1
0.48,0.88,0.42,0
0.88,3.68,3.24,0
3.73,13.72,51.15,1
0.97,5.34,5.2,1
0.35,0.5,0.18,1
3.74,14.7,54.93,1
3.1,10.66,33.08,1
0.67,2.31,1.56,0
0.27,1.01,0.28,1
1.32,5.88,7.77,1
3.63,12.93,46.9,1
0.1,0.91,0.09,1
3.01,11.46,34.5,1
2.92,11.3,32.94,1
2.31,9.55,22.07,0
2.57,8.75,22.53,1
3.53,14.08,49.74,1
4.95,18.36,90.9,0
2.97,12.17,36.15,1
0.89,3.65,3.26,0
0.1,0.5,0.05,1
0.34,0.83,0.28,0
1.07,4.73,5.08,1
0.46,2.76,1.27,1
0.1,0.5,0.05,0
1.28,3.98,5.11,1
2.65,10.64,28.24,1
3.39,11.74,39.82,1
1.19,3.48,4.14,1
1.09,3.28,3.56,1
1.88,6.81,12.8,0
1.79,5.73,10.24,1
0.88,1.8,1.59,0
3.11,10.9,33.87,1
4.49,17.59,79.03,1
0.8,2.01,1.6,1
0.44,1.42,0.63,0
4.52,18.74,84.76,1
0.1,0.5,0.05,0
1.68,6.68,11.25,1
4.14,14.99,62.1,1
1.9,8.94,16.97,1
3.71,13.65,50.61,1
1.24,4.55,5.66,0
2.38,10.09,23.98,0
0.26,0.83,0.21,1
5.07,19.31,97.98,1
5.13,19.29,99.03,1
3.95,14.81,58.55,1
3.48,13.53,47.15,1
4.33,16.88,73.04,1
2.97,10.78,32.04,1
0.71,2.07,1.46,0
3.43,12.55,43.09,1
2.63,8.87,23.33,0
3.1,10.52,32.67,1
0.74,3.06,2.27,1
1.33,5.82,7.76,1
3.16,12.72,40.21,1
1.58,4.1,6.48,0
4.48,16.82,75.29,1
1.26,3.9,4.91,1
0.33,1.38,0.46,1
2.76,10.16,28.06,0
2.01,8.12,16.34,0
3.33,12.66,42.21,1
0.66,0.99,0.65,0
4.29,15.54,66.74,1
2.32,8.82,20.45,1
0.51,1.99,1.01,0
2.11,6.89,14.52,0
0.48,0.6,0.29,1
3.21,12.23,39.23,1
2.55,8.57,21.85,1
0.36,0.5,0.18,0
4.2,15.6,65.53,1
0.59,1.87,1.11,1
3.72,13.45,50.06,1
0.56,1.55,0.86,0
1.01,3.87,3.93,0
3.35,12.16,40.75,1
0.1,0.5,0.05,0
0.1,0.5,0.05,0
0.73,2.91,2.12,0
3.05,12.28,37.41,1
0.72,3.43,2.48,1
4.5,18.12,81.5,1
4.51,17.81,80.31,1
3.08,11.9,36.67,1
0.44,1.32,0.58,0
0.94,3.27,3.09,1
1.58,5.29,8.33,0
4.11,15.63,64.29,1
3.48,13.78,47.93,1
3.97,14.52,57.68,1
0.1,0.5,0.05,1
1.34,4.57,6.14,0
3.95,15.18,59.93,1
2.78,10.11,28.06,1
3.66,13.31,48.66,1
3.89,14.24,55.39,0
0.78,3.37,2.63,1
0.34,1.2,0.41,0
1.25,4.41,5.53,0
0.47,2.01,0.95,0
4.0,14.86,59.43,1
3.36,13.68,46.03,1
2.88,10.18,29.36,1
3.64,13.68,49.77,1
3.47,12.08,41.95,1
0.2,0.5,0.1,1
3.49,11.9,41.49,1
0.5,2.5,1.26,1
0.68,3.18,2.15,0
3.58,14.24,51.01,1
0.1,0.5,0.05,0
0.75,2.16,1.63,0
3.05,10.96,33.44,1
1.26,6.01,7.56,1
0.68,3.75,2.57,1
3.97,15.17,60.19,1
3.27,12.02,39.35,1
0.72,3.85,2.79,0
0.87,2.76,2.41,1
3.33,12.82,42.64,1
0.11,1.5,0.17,1
3.28,11.79,38.65,1
0.13,1.17,0.15,0
1.55,6.29,9.72,1
2.88,10.9,31.38,1
2.64,9.22,24.31,1
1.49,5.08,7.58,0
3.35,12.95,43.33,1
0.1,0.5,0.05,0
0.15,0.66,0.1,0
3.72,14.57,54.23,1
2.07,8.66,17.93,0
4.06,14.29,57.95,1
0.1,1.43,0.14,0
0.2,2.13,0.43,0
4.32,16.76,72.48,1
3.75,13.42,50.33,1
3.14,11.67,36.67,1
3.81,14.45,55.11,1
1.6,6.29,10.06,0
2.7,10.29,27.81,1
2.56,9.94,25.43,1
2.91,11.0,32.06,1
3.5,13.53,47.4,1
3.87,14.34,55.47,1
3.06,11.36,34.8,0
3.04,11.08,33.66,1
1.3,6.48,8.44,1
2.16,9.38,20.28,1
0.49,2.31,1.13,0
3.1,12.84,39.77,1
2.6,10.51,27.28,1
1.71,6.65,11.37,1
3.76,13.1,49.29,1
0.39,1.28,0.5,1
2.84,10.54,29.96,1
3.82,13.59,51.86,1
0.1,0.5,0.05,0
0.28,1.47,0.42,1
3.04,11.81,35.93,1
1.34,4.15,5.55,0
0.36,0.77,0.28,1
2.05,8.73,17.91,1
2.85,10.12,28.81,1
0.1,0.52,0.05,0
0.63,2.23,1.4,1
3.85,15.03,57.84,1
0.22,0.5,0.11,1
0.1,0.5,0.05,0
3.0,11.53,34.55,1
3.39,13.07,44.35,0
1.33,5.13,6.83,1
0.69,2.9,2.0,1
1.02,5.62,5.71,0
1.52,7.84,11.94,0
3.71,13.59,50.41,1
0.26,0.5,0.13,1
0.21,1.28,0.27,0
0.1,0.53,0.05,0
1.07,4.9,5.21,1
3.02,11.72,35.44,1
3.2,12.21,39.1,1
3.05,12.48,38.05,1
0.1,1.4,0.14,0
2.55,8.57,21.81,1
4.41,16.12,71.18,1
0.44,1.57,0.68,1
4.1,15.67,64.28,0
0.92,3.31,3.04,1
3.43,13.37,45.83,1
0.89,4.17,3.71,1
0.1,1.76,0.18,1
1.82,7.37,13.39,1
0.73,2.1,1.53,1
4.15,15.65,64.94,1
0.66,2.44,1.61,1
0.24,1.31,0.31,1
2.01,7.95,15.99,0
1.13,5.93,6.69,0
0.1,0.5,0.05,0
0.74,3.11,2.29,1
3.53,15.31,54.09,1
0.42,1.11,0.46,1
1.14,4.45,5.07,0
0.9,2.67,2.41,1
0.55,2.15,1.18,1
4.07,14.85,60.49,0
0.42,2.45,1.04,1
3.01,11.54,34.71,1
0.94,2.83,2.66,1
0.47,2.44,1.14,0
0.33,1.38,0.45,1
0.1,1.14,0.11,0
3.58,12.67,45.31,1
0.2,1.04,0.21,0
0.51,2.55,1.29,0
3.95,14.66,57.85,1
0.11,0.5,0.06,0
4.57,17.33,79.21,1
4.97,19.87,98.77,1
0.35,2.24,0.79,0
0.1,0.5,0.05,1
3.03,10.48,31.72,1
4.06,15.08,61.18,1
0.1,0.5,0.05,0
1.33,5.4,7.16,0
0.86,3.18,2.72,1
0.1,0.5,0.05,0
1.34,5.96,7.96,0
0.36,1.48,0.54,0
2.87,11.25,32.3,1
0.1,0.5,0.05,1
0.47,0.5,0.24,1
3.6,12.52,45.05,1
0.11,0.5,0.06,0
0.1,0.84,0.08,1
0.58,0.5,0.29,0
0.81,4.34,3.51,1
2.83,10.89,30.8,1
3.68,15.08,55.51,1
0.98,3.03,2.98,1
3.77,14.71,55.42,1
0.95,3.69,3.51,1
3.18,12.72,40.4,1
2.18,8.09,17.62,0
0.57,2.54,1.45,0
0.28,1.94,0.54,0
0.1,0.5,0.05,0
3.59,13.84,49.69,1
3.26,10.89,35.51,1
2.08,8.47,17.61,1
3.3,14.1,46.53,1
0.58,1.2,0.7,0
4.03,15.25,61.51,1
3.3,13.25,43.77,1
0.1,0.5,0.05,0
3.67,14.09,51.75,1
0.16,0.5,0.08,0
4.23,15.74,66.63,1
1.54,5.8,8.95,0
0.46,1.79,0.83,0
4.16,14.86,61.8,1
2.85,10.78,30.74,1
0.1,1.63,0.16,1
0.1,0.5,0.05,0
0.41,0.56,0.23,1
3.49,13.16,45.99,0
0.77,2.37,1.83,0
3.71,13.03,48.35,1
3.88,14.85,57.6,1
2.04,7.18,14.63,0
0.22,0.5,0.11,0
4.59,17.56,80.57,1
3.44,11.85,40.78,1
1.23,3.29,4.06,0
4.59,17.98,82.52,1
1.17,2.91,3.41,0
0.84,2.4,2.01,1
3.67,12.49,45.78,1
4.3,15.94,68.49,1
2.77,10.87,30.14,0
1.01,3.92,3.95,1
0.1,2.29,0.23,1
1.61,7.0,11.3,0
3.61,12.98,46.9,1
2.91,10.09,29.32,1
2.75,12.6,34.62,1
3.25,13.21,42.94,1
3.93,15.42,60.63,1
0.48,1.9,0.92,0
1.35,5.34,7.2,0
0.99,2.58,2.56,1
0.18,0.82,0.15,1
1.99,7.61,15.13,1
4.04,14.63,59.14,1
4.57,16.94,77.48,1
0.4,2.72,1.08,0
0.9,3.31,2.97,0
3.26,14.04,45.72,1
1.26,3.41,4.31,1
0.1,0.5,0.05,0
3.14,10.69,33.53,1
0.85,2.27,1.93,1
2.41,8.51,20.54,1
4.58,17.66,80.91,1
3.1,11.99,37.14,0
0.36,0.81,0.29,0
3.34,10.92,36.53,1
4.45,18.08,80.38,1
0.88,3.13,2.77,1
0.92,2.62,2.42,0
4.37,16.81,73.36,1
4.37,16.76,73.24,0
0.93,3.26,3.02,0
0.1,0.5,0.05,0
3.68,13.05,47.96,1
3.23,12.86,41.49,1
0.44,0.86,0.37,1
0.88,2.86,2.52,1
0.42,2.13,0.9,1
4.14,16.68,68.96,1
3.86,15.93,61.5,1
1.83,7.79,14.25,0
3.76,14.02,52.66,1
3.75,13.01,48.8,1
4.44,17.98,79.76,1
4.55,18.37,83.52,0
0.47,1.27,0.6,1
0.41,2.29,0.94,1
2.5,9.23,23.06,1
0.1,1.58,0.16,0
3.3,12.11,39.93,1
0.48,3.42,1.66,1
3.74,14.83,55.45,1
4.13,17.13,70.76,1
1.4,4.95,6.92,0
4.03,15.65,63.09,1
2.91,10.3,30.0,1
0.33,1.91,0.62,1
1.22,5.37,6.56,0
1.53,7.74,11.87,1
2.99,11.76,35.19,1
1.05,4.55,4.76,1
0.2,0.5,0.1,0
0.34,1.73,0.59,0
3.3,12.25,40.45,1
0.23,0.95,0.21,1
3.19,12.27,39.14,0
1.18,4.22,4.99,0
3.56,13.58,48.35,1
4.32,16.11,69.58,0
3.11,11.51,35.78,1
0.23,1.74,0.4,0
3.06,11.76,35.98,1
4.72,18.21,85.95,1
3.37,11.64,39.26,1
2.53,9.94,25.09,1
3.74,14.65,54.81,0
3.23,11.96,38.62,1
3.25,14.03,45.64,1
3.01,9.62,28.96,1
3.7,14.69,54.35,1
2.14,8.68,18.54,1
0.1,0.81,0.08,1
0.88,3.47,3.04,1
2.64,10.48,27.69,1
3.76,15.0,56.47,1
3.11,11.22,34.84,1
1.17,4.68,5.48,1
0.63,2.26,1.43,0
0.25,0.5,0.12,1
3.8,15.0,56.93,1
2.52,9.11,22.94,0
3.16,10.82,34.2,1
0.13,0.5,0.07,0
4.5,16.46,74.03,1
3.96,15.89,62.97,1
0.15,0.71,0.11,0
3.73,15.28,57.03,1
1.0,3.25,3.24,0
3.33,13.37,44.56,0
0.75,5.11,3.82,0
2.5,9.78,24.46,0
1.92,8.0,15.4,0
1.26,5.35,6.74,0
0.1,0.5,0.05,0
0.59,2.71,1.6,0
0.1,0.63,0.06,0
3.23,12.07,38.98,1
3.47,12.49,43.4,0
2.06,8.37,17.22,1
0.29,0.5,0.14,0
0.63,4.1,2.58,0
0.16,0.69,0.11,1
0.56,1.14,0.63,0
0.99,3.36,3.34,0
0.1,0.5,0.05,0
0.4,3.44,1.37,1
3.62,13.06,47.29,0
0.94,3.48,3.27,1
3.17,11.61,36.79,1
1.0,4.22,4.24,1
3.34,12.26,40.91,1
0.96,2.73,2.62,1
0.1,0.5,0.05,0
0.9,3.18,2.85,0
1.55,5.42,8.41,1
1.4,4.88,6.82,0
4.02,16.23,65.23,1
0.93,3.26,3.02,1
5.54,20.15,111.65,1
3.11,11.46,35.65,1
3.79,14.45,54.75,1
0.7,1.59,1.11,1
0.33,2.57,0.86,1
2.28,9.38,21.42,0
0.76,4.04,3.08,1
2.13,8.43,17.99,0
0.48,0.5,0.24,0
0.73,4.0,2.91,0
0.72,2.05,1.48,1
3.72,13.52,50.36,1
3.86,14.81,57.22,1
1.36,6.29,8.58,0
3.33,13.51,45.06,1
0.42,2.32,0.97,0
0.47,1.53,0.71,0
0.7,2.39,1.67,0
3.49,13.55,47.36,1
2.18,8.17,17.79,1
0.73,3.5,2.57,0
3.28,13.14,43.15,1
2.15,8.65,18.63,1
0.3,0.5,0.15,1
4.48,17.12,76.69,1
0.43,1.54,0.66,1
0.1,0.51,0.05,1
0.1,0.5,0.05,1
1.46,4.5,6.59,1
0.67,2.93,1.97,0
3.65,13.57,49.49,1
1.91,7.71,14.72,0
0.93,2.99,2.77,0
1.2,5.68,6.79,0
1.7,7.28,12.4,0
3.47,13.44,46.7,1
0.13,0.5,0.07,0
4.32,17.11,74.0,1
2.34,9.2,21.52,0
4.57,17.54,80.09,1
2.99,12.21,36.53,1
2.22,9.59,21.31,1
2.55,8.7,22.21,1
3.2,11.32,36.21,0
3.08,11.08,34.15,1
2.77,9.32,25.79,1
3.36,12.71,42.66,1
5.5,21.37,117.49,0
1.88,7.12,13.37,1
3.51,12.9,45.26,1
3.74,15.13,56.63,1
1.74,6.74,11.76,0
2.1,8.24,17.27,1
0.27,1.96,0.54,1
0.1,0.5,0.05,0
4.14,17.37,71.9,1
3.95,14.64,57.78,1
3.98,16.71,66.42,1
3.21,11.43,36.73,1
1.08,4.51,4.86,1
0.82,2.61,2.14,0
0.42,2.49,1.04,0
1.72,6.14,10.54,1
2.2,8.59,18.91,0
3.62,13.22,47.79,1
2.05,8.56,17.58,0
0.11,0.5,0.06,0
1.16,5.76,6.68,0
0.2,0.5,0.1,1
1.49,4.57,6.8,0
3.46,13.92,48.22,1
0.1,0.5,0.05,0
0.63,2.4,1.52,1
0.66,2.25,1.49,1
3.93,13.88,54.53,0
2.3,8.67,19.94,1
0.93,4.54,4.22,1
3.48,14.03,48.8,1
0.68,2.79,1.91,1
1.23,5.57,6.85,1
3.15,11.14,35.12,1
1.27,4.58,5.83,0
2.19,8.65,18.98,1
0.57,2.08,1.19,0
0.63,2.2,1.39,1
5.19,18.76,97.39,0
2.7,8.58,23.15,1
2.71,10.95,29.69,1
3.42,13.21,45.24,1
3.86,15.41,59.54,0
1.32,4.66,6.14,0
0.86,2.68,2.3,1
2.91,11.05,32.13,1
3.07,12.35,37.91,1
0.56,1.94,1.09,0
4.97,19.51,96.88,1
1.08,3.29,3.56,1
0.99,3.62,3.58,1
3.64,13.78,50.21,1
3.82,15.5,59.21,0
0.1,0.55,0.05,0
0.56,3.52,1.97,0
3.82,13.43,51.31,1
2.8,10.76,30.18,1
3.1,11.92,36.95,1
0.39,1.96,0.76,1
4.28,15.61,66.76,1
0.1,1.73,0.17,0
2.63,10.0,26.27,1
3.78,13.48,50.92,0
0.1,0.5,0.05,0
0.17,0.5,0.08,0
0.56,4.34,2.42,1
3.33,13.5,44.95,0
0.67,2.59,1.74,0
0.1,0.5,0.05,0
3.16,12.76,40.29,1
1.85,7.83,14.47,0
2.93,8.81,25.85,1
0.8,3.54,2.82,0
1.68,6.42,10.81,0
0.1,0.5,0.05,1
4.22,16.75,70.74,1
1.05,5.79,6.07,1
2.91,11.51,33.5,1
0.1,1.26,0.13,0
0.3,2.56,0.76,0
1.18,3.82,4.51,0
4.03,13.81,55.6,0
4.08,16.02,65.3,0
0.3,0.94,0.28,0
0.1,0.5,0.05,0
0.49,1.81,0.9,1
3.3,13.14,43.42,1
0.28,0.94,0.26,1
8.0,29.77,238.16,0
2.44,9.1,22.22,1
0.82,3.1,2.53,1
0.1,0.5,0.05,0
2.9,10.89,31.53,1
0.1,0.5,0.05,0
3.9,15.34,59.81,1
0.11,0.5,0.05,1
1.48,6.42,9.48,1
0.17,0.5,0.09,0
3.64,13.39,48.68,0
0.69,2.86,1.97,0
1.81,6.19,11.22,1
2.5,9.73,24.36,1
2.7,9.68,26.16,1
2.85,10.38,29.55,1
0.51,2.27,1.17,1
3.31,11.67,38.61,1
1.71,5.48,9.37,1
3.83,14.74,56.43,1
0.56,2.11,1.18,1
3.03,11.66,35.36,1
2.9,11.29,32.78,1
0.66,2.55,1.68,0
0.17,1.13,0.19,1
4.74,18.08,85.69,1
1.42,3.8,5.41,0
1.9,5.83,11.1,0
0.1,1.92,0.19,0
0.91,3.47,3.16,0
3.34,13.44,44.88,1
2.83,10.47,29.6,1
0.29,1.05,0.3,0
3.22,11.88,38.26,1
0.96,5.63,5.43,1
0.27,1.22,0.32,0
1.11,3.79,4.21,1
2.97,9.96,29.55,1
0.41,3.14,1.29,0
4.14,15.6,64.6,0
3.37,13.4,45.17,1
0.1,1.06,0.11,0
0.68,2.21,1.5,1
0.1,0.92,0.09,0
0.37,0.94,0.35,0
3.58,12.82,45.93,0
0.46,2.67,1.23,1
3.07,11.56,35.53,1
3.22,12.66,40.79,1
0.1,0.71,0.07,0
0.1,0.89,0.09,0
4.72,16.7,78.86,1
0.1,0.5,0.05,0
3.96,14.79,58.6,1
3.55,12.84,45.64,1
1.86,7.42,13.81,1
0.6,3.24,1.95,1
4.18,16.96,70.89,1
0.22,0.55,0.12,0
1.18,4.73,5.61,1
0.91,3.82,3.49,0
0.1,0.88,0.09,0
0.73,2.08,1.53,1
0.1,1.84,0.18,1
3.53,14.15,49.93,1
3.17,12.82,40.65,1
2.57,10.72,27.55,0
0.26,1.43,0.38,1
0.8,2.23,1.79,0
0.72,2.61,1.86,0
1.78,5.46,9.74,1
0.36,1.69,0.6,1
0.16,0.5,0.08,1
2.79,10.58,29.57,1
2.31,9.73,22.43,1
1.04,3.57,3.7,0
2.88,10.72,30.84,1
1.07,4.07,4.33,0
0.73,1.29,0.94,0
3.49,13.03,45.43,1
1.21,2.63,3.19,1
4.17,15.39,64.26,1
3.85,15.32,58.97,1
0.1,0.74,0.07,0
2.05,7.33,15.04,1
3.75,14.27,53.49,1
3.32,11.77,39.1,1
0.16,0.62,0.1,1
0.1,2.72,0.27,1
0.1,1.86,0.19,0
4.01,15.27,61.23,1
2.7,10.38,28.0,1
1.07,3.29,3.53,1
2.72,9.7,26.37,1
0.1,0.67,0.07,0
4.09,15.13,61.89,1
0.1,1.1,0.11,0
3.6,14.92,53.66,0
3.5,13.57,47.52,1
0.69,2.71,1.88,0
3.73,12.82,47.82,1
0.42,2.18,0.91,0
3.58,12.68,45.38,1
3.23,11.94,38.55,1
3.28,13.23,43.36,1
3.54,14.26,50.42,1
4.52,16.8,75.95,1
4.38,16.33,71.6,1
3.28,11.91,39.1,1
1.23,3.73,4.6,1
0.1,0.5,0.05,1
0.81,1.78,1.44,1
3.6,14.24,51.3,1
0.78,3.28,2.56,1
3.47,13.62,47.23,1
0.97,2.92,2.82,0
0.46,0.81,0.37,1
2.63,10.05,26.45,1
2.75,10.5,28.89,1
1.6,5.96,9.52,1
0.64,2.19,1.4,0
4.17,17.22,71.87,1
1.97,7.81,15.37,0
3.19,13.69,43.67,1
1.25,5.75,7.17,1
0.99,5.14,5.1,0
0.95,2.75,2.61,1
0.36,1.85,0.67,0
1.18,4.13,4.87,1
2.31,7.47,17.28,0
2.92,12.29,35.86,1
4.02,15.04,60.43,1
3.13,11.04,34.51,1
2.48,9.09,22.56,0
3.32,11.99,39.86,1
3.28,11.91,39.05,0
2.71,10.14,27.53,1
3.62,15.12,54.68,1
1.49,5.13,7.64,0
0.1,1.71,0.17,0
3.28,13.14,43.07,1
1.75,6.97,12.2,1
1.52,6.39,9.74,0
0.1,0.5,0.05,1
0.1,1.41,0.14,0
3.67,14.41,52.95,1
3.04,10.22,31.05,1
3.63,14.04,50.97,0
3.5,13.92,48.7,1
2.93,10.9,31.9,1
0.1,0.5,0.05,0
1.79,6.3,11.25,0
4.04,14.25,57.6,1
0.43,0.5,0.21,1
3.39,11.63,39.38,1
1.13,4.85,5.5,1
3.53,11.42,40.28,1
4.33,15.92,68.92,0
3.75,13.63,51.08,1
0.83,2.93,2.44,0
3.51,11.84,41.54,1
0.54,2.37,1.28,1
0.5,0.87,0.44,0
4.16,16.71,69.51,1
1.41,4.88,6.9,1
2.44,9.19,22.42,1
3.44,13.06,44.87,1
0.21,0.98,0.2,0
1.83,6.99,12.82,0
0.61,1.98,1.21,0
0.64,2.72,1.75,0
4.14,16.11,66.72,0
4.29,15.68,67.27,1
1.53,6.15,9.39,0
1.52,6.72,10.19,1
3.16,12.58,39.8,1
4.25,16.89,71.78,0
1.09,4.29,4.69,1
3.03,10.75,32.54,1
3.31,11.94,39.54,1
0.79,3.24,2.55,1
0.61,3.07,1.87,0
4.52,19.39,87.57,1
0.1,1.17,0.12,0
0.82,2.18,1.78,0
1.35,4.52,6.09,1
3.53,15.23,53.71,1
3.16,11.85,37.48,1
3.6,13.74,49.52,1
3.61,12.95,46.74,1
0.1,1.63,0.16,1
3.3,12.94,42.68,1
2.69,9.59,25.78,1
3.28,11.67,38.25,1
3.45,13.37,46.19,1
3.54,13.48,47.67,1
1.9,7.89,14.99,1
2.76,10.91,30.09,1
4.09,15.34,62.77,1
0.79,2.57,2.03,0
0.1,0.5,0.05,0
0.43,1.18,0.5,1
0.34,1.17,0.39,0
2.84,10.79,30.62,1
3.76,13.56,50.93,1
0.93,4.06,3.79,1
3.33,12.37,41.26,1
2.54,8.98,22.83,1
2.17,7.96,17.27,0
3.23,12.46,40.22,1
3.15,12.05,38.03,1
3.11,12.17,37.87,1
0.24,1.64,0.39,1
2.69,11.26,30.28,1
0.39,1.7,0.66,0
4.41,15.9,70.12,0
3.57,13.35,47.66,1
0.93,2.73,2.54,1
4.06,16.77,68.06,1
2.76,12.08,33.33,1
3.89,15.31,59.58,1
0.79,3.69,2.91,1
1.88,7.35,13.83,1
3.57,13.88,49.61,0
2.01,6.38,12.85,1
0.54,1.99,1.07,0
3.72,13.41,49.84,1
0.2,0.97,0.19,1
1.04,3.92,4.1,0
0.1,1.94,0.19,1
0.1,1.11,0.11,0
0.72,2.95,2.12,1
3.24,12.11,39.25,1
0.1,1.72,0.17,1
4.53,17.2,77.95,1
0.1,0.65,0.06,0
0.25,0.99,0.25,1
1.27,4.51,5.74,1
4.29,16.34,70.15,1
2.6,8.32,21.64,0
1.12,3.02,3.38,1
3.97,15.38,61.12,1
3.37,14.07,47.48,1
3.84,14.86,57.03,0
3.29,11.91,39.17,1
1.0,2.64,2.63,0
0.79,3.62,2.86,1
0.19,0.5,0.09,1
0.33,1.75,0.57,1
0.1,0.69,0.07,0
0.86,3.63,3.11,1
0.8,3.05,2.43,0
0.17,0.96,0.16,1
1.6,5.97,9.53,0
0.1,0.5,0.05,0
1.47,4.82,7.09,1
0.1,0.5,0.05,1
4.48,16.87,75.5,1
4.17,17.06,71.15,0
0.41,2.16,0.89,1
1.53,6.01,9.23,1
1.07,3.5,3.76,1
0.6,3.07,1.84,0
0.1,0.5,0.05,1
3.51,14.61,51.29,0
0.75,2.06,1.54,1
3.19,11.53,36.78,1
0.98,3.05,2.99,1
0.7,1.49,1.05,1
0.64,1.7,1.1,1
2.38,9.11,21.65,1
3.09,11.17,34.53,1
2.5,6.43,16.09,1
0.1,1.24,0.12,1
0.1,0.5,0.05,1
0.87,3.76,3.25,1
4.53,17.22,77.94,1
0.57,3.86,2.2,0
2.12,8.87,18.85,1
2.98,10.91,32.47,1
3.85,14.07,54.2,1
3.0,12.62,37.9,1
0.16,0.5,0.08,0
4.27,16.4,70.1,1
2.98,11.2,33.34,1
2.81,10.42,29.31,1
0.1,0.66,0.07,1
1.03,4.07,4.2,1
1.44,5.83,8.37,0
2.53,9.71,24.53,0
3.16,12.34,38.98,1
3.4,12.99,44.18,1
1.73,6.04,10.43,1
1.17,4.46,5.24,0
0.57,1.6,0.91,0
0.1,0.5,0.05,1
3.84,14.31,54.91,0
0.19,0.63,0.12,1
3.29,12.54,41.32,1
1.31,5.7,7.44,1
0.69,2.22,1.53,0
0.1,0.54,0.05,1
1.04,4.04,4.2,0
1.34,4.61,6.18,1
0.1,0.5,0.05,1
1.26,5.58,7.03,1
0.81,3.24,2.64,1
0.1,0.56,0.06,0
0.12,0.5,0.06,0
0.34,2.87,0.98,1
4.24,15.58,65.98,1
0.1,0.5,0.05,1
1.65,6.95,11.44,1
3.3,12.47,41.2,0
1.37,4.98,6.85,1
1.1,3.73,4.09,1
1.5,7.19,10.79,0
1.21,4.9,5.95,0
3.6,14.1,50.71,1
0.57,2.3,1.32,1
0.62,2.56,1.58,1
0.49,2.98,1.46,1
1.06,3.82,4.04,1
0.1,0.5,0.05,0
3.26,13.08,42.62,1
3.98,15.51,61.69,1
4.22,16.12,68.01,1
2.91,11.45,33.37,1
3.7,13.77,51.01,1
0.4,1.55,0.63,1
3.91,14.75,57.66,1
1.35,4.67,6.33,1
3.58,14.57,52.22,1
3.32,11.47,38.02,0
0.61,4.19,2.54,1
3.05,12.3,37.52,1
1.33,3.64,4.85,1
1.19,4.35,5.18,0
3.85,14.49,55.8,0
3.59,13.97,50.21,1
3.52,12.6,44.42,0
0.41,1.6,0.66,1
1.33,4.97,6.63,0
3.01,10.85,32.66,0
3.28,11.75,38.48,1
0.36,2.09,0.74,0
4.94,17.42,86.1,1
3.63,14.17,51.39,1
1.57,6.59,10.33,0
0.27,0.87,0.24,0
0.1,0.5,0.05,0
5.2,20.69,107.54,1
1.24,4.14,5.11,1
0.44,1.19,0.52,0
0.66,2.12,1.41,0
2.16,9.15,19.8,0
3.97,16.11,63.91,1
0.55,0.96,0.52,1
0.95,4.41,4.19,0
2.72,10.99,29.88,1
3.33,13.9,46.28,1
4.61,17.82,82.12,1
0.86,3.23,2.78,1
3.41,13.87,47.27,1
3.21,12.74,40.85,1
3.18,13.86,44.03,1
0.83,3.9,3.22,0
0.31,1.31,0.41,0
0.95,2.68,2.55,1
0.51,1.48,0.76,1
3.56,12.39,44.13,1
1.1,3.99,4.37,0
0.1,1.12,0.11,0
1.21,4.6,5.58,1
1.9,8.03,15.22,0
0.1,0.65,0.07,0
2.93,10.83,31.76,1
2.99,11.42,34.12,1
4.01,15.6,62.48,1
4.23,16.17,68.32,1
3.51,13.47,47.33,1
0.77,2.32,1.79,1
2.7,9.93,26.85,1
0.1,2.19,0.22,1
0.74,3.8,2.83,0
2.24,7.33,16.43,1
3.92,13.0,50.92,1
1.4,5.37,7.5,1
0.65,3.17,2.04,0
3.55,13.08,46.46,1
0.43,2.44,1.04,1
1.53,5.86,8.96,0
0.51,1.82,0.94,1
4.26,16.81,71.7,1
2.73,9.97,27.25,1
4.43,16.59,73.39,1
4.15,16.3,67.61,1
1.69,6.4,10.82,1
2.9,12.54,36.36,1
0.51,2.51,1.29,0
1.55,6.38,9.87,1
0.61,2.28,1.39,0
0.53,2.7,1.42,0
1.7,6.21,10.56,0
1.68,6.59,11.04,1
2.97,10.56,31.4,1
2.81,11.5,32.31,1
0.54,2.29,1.25,1
3.43,14.62,50.14,1
0.55,4.0,2.19,1
0.25,1.57,0.4,0
3.16,12.05,38.02,1
2.38,8.3,19.78,1
3.41,13.69,46.7,1
1.03,4.1,4.24,0
0.91,3.87,3.5,0
4.02,16.67,67.06,0
4.14,15.06,62.3,1
4.29,15.55,66.69,1
0.73,2.58,1.88,0
0.1,1.04,0.1,0
1.31,5.42,7.1,1
0.1,0.5,0.05,1
0.98,4.33,4.25,0
1.29,3.95,5.11,0
3.75,13.6,51.06,1
0.3,1.07,0.32,1
3.69,13.59,50.21,1
0.1,1.09,0.11,0
2.79,10.82,30.16,0
0.35,2.74,0.96,0
1.73,6.38,11.05,1
3.52,13.29,46.82,1
4.17,16.8,69.99,0
0.1,0.5,0.05,0
3.24,13.52,43.88,1
1.61,6.56,10.57,0
3.06,9.74,29.82,1
3.72,15.1,56.22,1
0.17,1.37,0.23,1
0.38,2.2,0.83,1
0.1,0.5,0.05,0
0.12,0.5,0.06,1
3.46,12.67,43.81,1
0.94,2.9,2.73,0
1.15,5.75,6.6,0
1.59,6.02,9.55,1
4.18,15.87,66.41,0
1.25,5.19,6.49,1
2.73,10.82,29.51,1
1.53,3.15,4.81,1
3.57,13.04,46.56,1
1.25,3.6,4.49,0
3.14,12.27,38.56,1
0.77,2.69,2.07,1
0.19,0.75,0.14,1
0.55,0.5,0.27,1
2.76,10.24,28.24,1
4.05,16.28,65.91,1
3.28,13.6,44.64,1
0.92,4.07,3.75,0
0.93,2.45,2.27,1
0.21,1.82,0.39,0
1.25,5.32,6.65,1
1.84,6.88,12.63,0
0.1,0.5,0.05,0
3.27,13.18,43.06,1
3.89,14.29,55.53,1
3.93,15.22,59.85,1
2.23,8.54,19.06,1
0.91,4.68,4.26,0
1.02,3.79,3.89,1
3.33,12.64,42.1,1
3.61,14.98,54.11,1
3.87,14.18,54.87,1
4.35,17.17,74.66,1
0.39,1.32,0.51,0
2.67,9.35,24.98,1
2.7,10.27,27.76,1
4.07,16.0,65.06,1
0.1,1.46,0.15,0
3.65,15.04,54.86,1
1.09,3.91,4.27,0
0.18,0.5,0.09,0
3.4,12.68,43.17,1
3.95,14.08,55.64,1
2.97,11.1,32.95,1
3.6,13.4,48.21,1
3.64,14.41,52.46,1
3.43,11.28,38.73,1
0.47,1.2,0.57,0
0.66,1.94,1.29,0
0.1,1.33,0.13,0
1.36,4.28,5.82,0
2.83,10.92,30.89,1
0.44,1.57,0.69,1
4.55,18.12,82.39,0
2.56,10.2,26.09,1
1.5,5.78,8.66,1
3.57,13.12,46.86,1
0.59,0.74,0.43,0
2.45,9.53,23.39,1
3.91,15.27,59.67,0
3.63,12.55,45.61,1
3.51,12.35,43.36,1
1.71,6.72,11.52,0
0.79,3.28,2.59,1
0.84,2.38,1.99,0
0.62,1.89,1.17,1
5.44,19.21,104.58,1
0.1,1.48,0.15,1
0.28,0.5,0.14,1
0.1,0.81,0.08,1
1.62,6.12,9.9,1
3.63,14.84,53.93,1
0.8,2.41,1.93,1
0.4,1.56,0.62,0
0.47,0.5,0.24,0
4.42,15.26,67.53,0
1.6,6.54,10.44,0
4.12,14.24,58.69,1
3.06,11.44,34.97,1
3.52,14.2,50.02,1
0.78,3.55,2.76,0
2.85,10.28,29.27,1
4.62,16.27,75.08,1
3.57,13.99,49.99,1
2.93,12.2,35.72,1
3.57,13.02,46.41,1
4.31,15.72,67.68,1
1.14,3.92,4.47,1
0.1,0.84,0.08,1
3.49,14.23,49.59,1
3.4,11.92,40.5,0
0.38,0.5,0.19,0
3.92,16.78,65.83,0
2.99,11.23,33.61,1
0.44,1.86,0.81,0
1.39,4.72,6.55,0
1.59,6.43,10.22,1
0.79,3.75,2.95,0
0.69,2.88,1.99,1
1.28,6.25,8.0,1
0.16,0.5,0.08,0
4.37,16.41,71.74,1
3.61,13.9,50.14,1
3.02,11.87,35.9,1
2.13,8.28,17.65,0
2.0,6.57,13.15,0
0.28,1.3,0.36,1
0.77,2.64,2.04,0
3.28,11.98,39.25,1
4.23,16.08,67.96,1
4.33,15.7,68.02,1
0.51,1.04,0.53,0
0.1,0.5,0.05,0
0.1,1.78,0.18,0
0.36,1.82,0.66,1
0.1,0.5,0.05,0
2.72,9.79,26.58,1
1.76,4.37,7.67,0
2.06,7.23,14.88,1
1.55,6.47,10.05,1
1.05,4.73,4.95,1
2.2,8.87,19.49,0
1.13,4.42,4.99,0
0.71,3.73,2.63,1
1.18,4.21,4.95,0
0.59,3.11,1.84,0
3.82,14.19,54.17,1
0.45,1.0,0.45,0
1.38,4.44,6.12,1
0.1,0.5,0.05,1
3.62,14.29,51.76,1
1.22,4.05,4.94,1
3.19,11.29,36.01,1
3.91,15.43,60.3,1
3.31,12.84,42.5,1
0.92,4.25,3.89,0
0.24,1.34,0.33,0
0.31,0.59,0.18,0
2.94,11.22,32.92,0
3.14,12.04,37.83,1
3.9,14.09,54.95,1
0.63,1.51,0.95,1
3.75,13.69,51.28,1
1.1,5.8,6.35,0
3.56,13.2,47.03,1
0.63,3.39,2.14,1
3.67,13.56,49.69,1
0.1,1.09,0.11,0
0.1,1.1,0.11,1
0.1,1.14,0.11,0
0.78,3.26,2.54,1
0.82,4.2,3.43,1
0.23,1.18,0.27,1
0.48,3.21,1.56,0
0.1,0.5,0.05,0
1.17,4.72,5.52,1
0.12,0.67,0.08,0
0.19,0.5,0.1,1
3.13,12.35,38.6,1
0.1,0.5,0.05,0
1.05,3.48,3.66,1
4.61,15.9,73.25,0
4.27,17.46,74.5,1
3.34,12.49,41.68,0
0.32,2.93,0.92,0
0.1,1.02,0.1,0
2.45,9.67,23.71,0
3.46,12.68,43.88,1
2.96,10.4,30.74,1
3.64,14.27,52.01,1
1.0,3.74,3.73,1
0.1,0.5,0.05,0
0.34,0.5,0.17,1
1.12,3.51,3.94,0
3.56,14.98,53.31,1
0.1,2.15,0.22,0
0.1,0.54,0.05,1
0.14,0.64,0.09,1
3.45,12.86,44.4,1
3.75,13.51,50.73,1
0.1,1.48,0.15,0
0.1,1.88,0.19,0
0.29,0.5,0.14,0
0.1,0.5,0.05,0
0.49,1.5,0.73,0
2.99,11.04,33.07,0
0.1,1.33,0.13,0
3.32,11.57,38.42,1
1.2,4.94,5.95,1
4.18,16.47,68.88,1
0.85,3.11,2.64,0
0.53,2.73,1.44,1
0.1,0.5,0.05,1
2.66,11.06,29.38,1
3.96,13.83,54.76,1
0.76,2.62,1.99,1
3.99,15.11,60.33,0
0.1,0.5,0.05,0
0.88,2.47,2.17,1
2.17,7.59,16.44,1
3.31,13.33,44.11,1
0.1,0.5,0.05,0
3.27,11.76,38.45,1
4.88,19.18,93.55,0
3.88,13.43,52.05,1
3.76,12.65,47.62,0
0.85,2.94,2.49,1
4.54,16.1,73.12,1
4.68,16.67,78.1,0
4.0,15.66,62.64,0
3.47,13.9,48.28,1
0.39,2.13,0.84,0
0.49,2.75,1.35,1
2.91,12.05,35.04,1
3.75,12.55,47.07,1
0.1,0.74,0.07,0
0.1,0.5,0.05,0
3.54,12.87,45.6,1
2.7,10.71,28.91,0
0.1,0.5,0.05,0
3.08,10.3,31.69,1
1.49,6.17,9.19,1
1.0,4.19,4.18,0
3.75,14.36,53.89,1
0.84,2.49,2.09,1
0.1,0.98,0.1,0
0.65,3.03,1.98,0
4.28,16.34,69.97,0
0.1,0.5,0.05,0
0.1,0.5,0.05,0
3.25,13.02,42.33,1
4.15,16.82,69.78,1
4.11,15.36,63.18,1
4.14,15.52,64.21,1
2.96,11.13,33.0,1
3.53,13.63,48.1,1
0.19,0.5,0.09,0
1.61,3.81,6.15,0
0.1,1.33,0.13,0
3.05,13.02,39.69,1
4.27,15.73,67.13,1
4.14,14.89,61.73,1
2.67,10.02,26.71,0
1.77,6.58,11.65,1
3.48,14.02,48.8,0
3.12,11.9,37.15,1
0.93,2.91,2.72,0
1.66,5.24,8.68,0
0.64,3.12,1.99,1
2.56,10.19,26.05,1
0.23,1.72,0.4,1
0.95,2.85,2.72,1
3.4,14.38,48.84,1
0.49,0.5,0.24,1
2.97,11.87,35.3,1
3.79,12.87,48.75,1
3.57,12.93,46.17,1
0.78,4.2,3.27,0
0.1,1.05,0.1,0
4.21,15.54,65.37,0
0.1,0.5,0.05,0
1.04,4.05,4.23,1
3.13,12.32,38.61,1
1.12,5.25,5.87,1
1.34,4.73,6.33,1
3.57,12.29,43.91,1
0.34,1.41,0.48,1
3.15,11.62,36.66,1
3.21,11.15,35.76,0
3.45,13.33,45.94,1
0.67,2.38,1.6,0
2.89,11.22,32.38,0
4.82,17.59,84.72,1
2.54,10.04,25.5,1
2.69,9.16,24.63,1
3.49,12.61,44.03,1
3.26,12.18,39.65,1
4.53,18.59,84.13,1
3.14,12.57,39.53,1
2.8,11.51,32.27,1
3.91,16.01,62.67,1
0.1,3.26,0.33,0
0.95,3.64,3.45,1
1.14,5.46,6.22,1
4.35,17.34,75.4,1
1.25,5.53,6.88,1
2.76,11.91,32.9,1
0.66,2.16,1.42,1
0.56,1.73,0.97,1
0.47,2.04,0.96,0
1.27,4.67,5.91,0
2.72,10.57,28.72,1
0.31,2.44,0.76,0
2.89,10.61,30.72,1
1.04,3.72,3.88,1
0.21,0.92,0.19,0
2.59,9.66,25.02,1
0.1,0.5,0.05,0
0.49,1.39,0.68,0
0.1,0.93,0.09,0
1.43,6.58,9.4,1
3.63,12.85,46.6,1
0.27,0.5,0.13,0
0.94,3.59,3.37,0
3.45,11.43,39.4,1
3.42,12.62,43.1,1
3.42,11.61,39.72,1
0.38,2.56,0.98,1
4.23,15.45,65.3,0
0.76,4.2,3.19,0
0.1,1.27,0.13,0
3.11,11.31,35.18,1
4.59,16.6,76.23,1
2.85,10.67,30.38,1
1.06,3.94,4.17,1
1.38,5.52,7.61,1
2.89,10.34,29.85,1
0.1,0.98,0.1,0
0.63,2.6,1.64,1
4.15,15.49,64.24,1
3.25,11.79,38.33,1
0.55,1.94,1.06,0
0.1,0.5,0.05,0
4.24,16.17,68.65,1
2.81,10.75,30.2,1
4.12,15.87,65.44,1
2.86,12.27,35.07,1
0.24,0.81,0.2,0
0.55,2.87,1.57,1
0.1,0.56,0.06,1
3.13,11.71,36.64,1
3.24,12.23,39.68,1
0.1,0.5,0.05,0
0.18,0.9,0.16,1
3.59,12.89,46.31,1
0.9,2.26,2.03,0
0.62,2.87,1.77,1
4.27,16.93,72.19,0
0.75,3.44,2.57,1
1.12,4.4,4.95,1
3.31,13.18,43.6,1
0.1,0.95,0.1,1
0.1,1.01,0.1,0
0.1,0.5,0.05,1
0.1,0.5,0.05,0
3.39,12.57,42.58,1
3.49,13.24,46.18,1
4.44,16.68,74.08,1
5.9,20.91,123.28,0
0.56,3.5,1.95,0
3.31,12.35,40.86,1
1.38,5.38,7.42,0
0.46,2.74,1.26,1
5.64,19.54,110.14,1
1.18,4.08,4.82,0
1.34,4.79,6.42,0
0.78,2.71,2.12,0
0.16,0.5,0.08,0
2.41,10.3,24.77,1
4.47,17.54,78.48,0
2.57,10.53,27.04,0
0.1,0.5,0.05,1
3.64,12.7,46.16,0
2.97,9.63,28.64,1
4.2,14.75,61.99,0
1.48,5.9,8.73,1
0.68,2.61,1.77,0
2.7,10.09,27.26,1
3.97,14.78,58.65,1
2.75,12.06,33.19,1
3.18,11.41,36.25,0
3.59,14.39,51.68,1
3.9,14.81,57.69,1
0.1,0.5,0.05,0
3.34,13.65,45.62,1
2.53,10.8,27.35,0
3.92,14.69,57.54,1
2.61,10.55,27.51,1
2.3,9.01,20.69,1
3.45,13.13,45.35,1
0.31,1.36,0.43,0
0.55,1.54,0.84,0
1.01,3.58,3.61,0
2.88,10.48,30.2,1
0.57,2.87,1.62,0
4.31,16.29,70.17,0
0.41,0.51,0.21,1
0.34,0.71,0.24,1
0.1,0.5,0.05,0
4.1,15.18,62.21,1
3.43,13.08,44.9,1
3.45,13.0,44.85,1
0.1,1.96,0.2,0
0.43,2.11,0.91,0
0.1,0.8,0.08,1
0.71,1.4,1.0,1
3.7,13.78,51.03,1
3.36,12.39,41.7,1
0.1,0.5,0.05,0
3.47,12.54,43.52,1
3.65,12.42,45.34,1
1.16,3.4,3.95,0
2.83,11.44,32.36,1
0.41,1.46,0.6,1
5.12,19.04,97.42,0
4.4,16.71,73.47,1
4.36,17.51,76.34,1
0.75,2.85,2.14,0
3.37,13.23,44.54,1
0.1,0.5,0.05,1
0.1,0.5,0.05,0
0.61,2.62,1.61,1
0.56,3.65,2.05,1
4.6,18.61,85.57,1
3.39,13.33,45.14,1
1.35,5.24,7.06,1
0.58,3.33,1.94,0
1.21,5.24,6.36,1
2.59,7.99,20.67,1
0.18,0.5,0.09,0
0.94,3.84,3.61,0
3.51,11.9,41.72,1
2.7,9.56,25.86,1
0.49,1.29,0.63,1
4.4,16.51,72.59,1
3.7,13.81,51.04,1
0.1,0.5,0.05,0
1.43,6.1,8.72,1
0.78,2.76,2.15,1
4.51,16.83,75.88,0
0.85,2.15,1.82,0
3.28,13.3,43.65,1
0.67,2.0,1.33,0
1.45,4.64,6.74,0
0.73,2.96,2.17,0
4.52,16.56,74.85,1
4.27,15.79,67.39,1
2.86,11.09,31.77,1
0.47,1.53,0.72,0
0.38,3.29,1.25,0
0.1,0.5,0.05,0
2.83,11.25,31.86,1
4.58,15.83,72.44,1
4.07,14.76,60.03,1
3.16,11.12,35.08,1
1.55,5.15,8.0,0
3.33,12.98,43.18,0
0.99,4.57,4.51,0
3.35,13.02,43.66,1
4.15,15.59,64.66,1
0.87,2.79,2.42,1
3.07,12.55,38.48,0
3.4,14.57,49.49,0
2.99,11.46,34.26,1
3.45,13.86,47.84,1
3.2,12.42,39.72,1
1.13,4.9,5.55,0
4.83,17.44,84.3,1
4.21,15.6,65.64,1
1.28,5.2,6.67,0
0.75,3.81,2.84,1
3.43,12.39,42.56,1
0.1,0.5,0.05,0
2.05,7.38,15.11,1
0.39,2.29,0.89,1
0.15,0.5,0.08,0
0.1,0.5,0.05,1
4.02,15.39,61.84,1
3.27,12.32,40.26,1
0.29,1.58,0.46,0
1.36,4.17,5.66,1
3.16,11.74,37.09,1
1.08,5.05,5.44,0
1.87,6.17,11.56,0
0.61,3.5,2.14,0
1.87,6.26,11.71,0
3.2,12.84,41.09,1
0.12,0.5,0.06,0
4.93,17.81,87.74,1
2.59,9.43,24.4,1
3.48,13.66,47.56,1
0.68,2.56,1.73,1
0.29,1.98,0.56,0
3.04,12.7,38.6,1
1.04,3.02,3.15,1
4.59,16.43,75.35,1
3.44,12.02,41.32,1
1.54,5.13,7.9,0
0.86,4.15,3.57,0
1.68,6.82,11.45,1
2.17,7.8,16.89,1
0.81,3.06,2.46,1
3.92,16.01,62.74,1
3.03,13.05,39.61,1
0.78,3.16,2.46,0
3.48,11.08,38.53,1
3.39,13.12,44.5,1
4.42,17.53,77.41,1
3.59,13.83,49.69,1
3.06,12.21,37.33,1
3.62,14.06,50.94,1
0.35,0.5,0.17,1
4.41,16.03,70.65,1
4.04,15.11,61.08,1
1.84,7.85,14.47,1
1.18,3.86,4.55,1
0.17,1.03,0.18,1
3.19,12.37,39.5,1
0.24,2.2,0.54,1
2.88,10.9,31.35,1
4.45,15.51,69.04,1
3.2,12.66,40.46,1
2.83,12.47,35.34,1
0.58,2.77,1.61,0
2.97,10.66,31.65,1
1.43,4.57,6.53,1
1.28,4.09,5.23,1
0.96,5.27,5.07,0
0.37,1.15,0.43,0
0.21,0.5,0.1,1
0.62,2.22,1.37,1
0.1,0.5,0.05,0
0.33,2.5,0.82,0
1.23,3.87,4.76,0
0.38,2.38,0.9,0
0.1,0.5,0.05,1
0.1,1.35,0.13,1
0.67,3.82,2.56,1
1.64,6.3,10.32,0
3.81,14.21,54.08,1
0.1,0.5,0.05,0
0.53,1.94,1.03,0
3.93,13.6,53.45,1
3.21,13.45,43.2,1
3.84,14.79,56.81,1
0.1,0.5,0.05,0
3.66,12.26,44.86,0
3.77,12.46,46.95,1
4.34,17.11,74.3,1
0.92,3.0,2.76,1
1.79,6.45,11.57,1
0.54,2.44,1.32,0
4.34,16.08,69.83,1
0.1,0.82,0.08,1
0.11,0.51,0.06,0
1.44,5.39,7.73,1
4.47,15.71,70.18,1
1.68,5.71,9.58,1
3.91,15.35,60.03,1
4.08,14.94,60.92,1
2.69,11.19,30.09,1
3.07,13.55,41.64,1
1.25,5.27,6.57,0
4.26,17.37,73.94,1
3.34,13.28,44.37,1
3.39,12.44,42.15,0
5.82,22.28,129.65,1
3.43,14.65,50.27,1
0.1,0.5,0.05,0
1.44,4.64,6.68,0
3.86,13.74,52.98,1
1.07,3.91,4.2,1
1.52,4.98,7.57,1
4.26,17.54,74.78,1
0.59,2.42,1.43,1
0.79,3.77,2.97,1
1.54,5.6,8.6,0
0.14,0.5,0.07,1
0.18,0.5,0.09,1
1.09,3.41,3.72,1
3.02,11.75,35.48,1
3.95,15.43,60.96,1
0.38,1.92,0.72,1
3.29,11.33,37.31,1
0.87,3.29,2.85,0
0.2,0.5,0.1,0
3.11,12.13,37.7,1
0.1,0.76,0.08,1
0.15,0.5,0.07,0
2.01,8.41,16.91,1
0.52,3.84,1.99,0
1.32,5.69,7.52,0
3.66,13.77,50.4,0
3.43,12.79,43.93,1
3.64,13.68,49.82,0
1.67,5.72,9.54,0
2.49,9.68,24.12,1
4.34,15.6,67.75,1
1.97,5.99,11.82,1
0.74,2.98,2.2,0
3.94,14.99,59.06,0
3.76,13.83,52.03,1
1.21,3.58,4.33,1
4.3,16.56,71.13,1
0.1,0.5,0.05,0
2.53,9.5,24.04,1
0.1,1.79,0.18,0
1.46,6.08,8.9,1
2.13,7.0,14.92,1
0.1,0.5,0.05,0
0.46,1.87,0.86,0
0.27,0.5,0.14,1
3.05,10.01,30.56,1
0.81,3.52,2.87,0
3.13,12.14,37.96,1
3.21,12.55,40.23,1
0.49,2.07,1.02,0
3.92,14.84,58.14,1
0.44,1.13,0.5,1
3.38,13.27,44.91,1
3.89,16.02,62.35,1
1.02,3.46,3.52,0
4.02,14.47,58.25,0
1.97,6.59,12.99,0
3.59,12.97,46.62,1
0.1,0.54,0.05,0
2.93,9.42,27.61,1
0.53,2.37,1.26,0
1.75,7.17,12.56,0
2.61,8.49,22.2,1
2.96,10.45,30.88,1
3.4,13.0,44.27,1
2.85,10.71,30.54,0
4.16,16.21,67.35,1
2.98,11.21,33.42,1
0.45,2.7,1.2,0
3.12,11.6,36.23,1
3.18,11.31,36.03,1
0.69,1.77,1.22,1
3.46,13.73,47.5,1
3.46,13.18,45.66,1
0.93,4.06,3.79,1
1.18,4.96,5.83,0
0.42,0.5,0.21,1
3.37,11.88,40.01,1
3.76,13.49,50.79,0
1.1,3.53,3.89,1
0.49,1.53,0.75,0
3.27,13.21,43.17,1
0.92,4.47,4.13,0
3.34,12.45,41.54,1
3.82,14.33,54.81,0
0.62,1.79,1.1,1
0.9,3.48,3.12,1
0.67,2.69,1.79,1
0.67,3.2,2.15,1
0.24,1.55,0.37,0
2.79,8.75,24.39,1
4.06,15.29,62.04,1
0.13,1.58,0.2,0
0.1,0.5,0.05,0
4.44,17.8,79.07,0
4.54,17.0,77.16,1
0.43,1.77,0.76,0
1.14,3.44,3.93,0
0.37,0.54,0.2,1
1.09,4.72,5.15,1
3.11,12.53,39.01,1
1.12,4.27,4.77,1
0.6,1.29,0.77,0
0.1,0.5,0.05,1
2.36,9.98,23.56,1
0.92,4.87,4.46,1
3.17,11.8,37.44,1
4.38,15.31,67.02,0
0.16,1.3,0.21,0
2.92,10.89,31.83,0
2.1,8.73,18.32,1
1.12,4.49,5.04,1
0.54,1.35,0.73,1
3.15,12.03,37.94,1
2.58,10.87,28.07,1
3.54,13.34,47.23,1
1.44,4.65,6.71,0
0.1,0.5,0.05,1
3.69,13.41,49.48,1
4.29,15.97,68.52,1
0.78,3.63,2.85,1
1.01,2.96,3.0,1
0.84,4.42,3.7,1
0.35,0.5,0.17,0
0.25,2.81,0.7,0
3.8,15.84,60.26,1
0.19,0.83,0.16,0
4.19,14.62,61.32,0
0.1,0.5,0.05,1
1.07,3.74,3.99,0
4.76,17.08,81.32,1
2.25,8.78,19.73,0
3.84,13.93,53.45,1
4.05,14.83,60.11,0
1.09,3.98,4.33,1
1.16,3.94,4.56,0
0.24,2.57,0.61,0
0.6,1.84,1.09,1
4.98,19.28,96.07,1
0.58,2.31,1.34,1
0.65,2.77,1.81,1
0.29,1.44,0.42,0
3.33,13.38,44.6,0
2.46,9.58,23.59,1
0.23,1.05,0.24,0
0.1,0.5,0.05,0
0.77,2.82,2.17,1
1.56,5.18,8.06,1
0.4,1.45,0.57,0
2.81,10.89,30.63,1
0.1,0.7,0.07,0
3.01,11.58,34.84,1
0.63,2.21,1.39,0
0.68,2.55,1.74,1
0.78,2.54,1.99,0
0.49,2.11,1.04,1
4.11,15.42,63.33,1
3.51,13.49,47.41,1
1.42,6.19,8.76,1
4.03,14.76,59.55,1
0.73,3.25,2.38,0
0.1,0.5,0.05,0
0.81,4.7,3.81,1
0.83,2.99,2.48,0
4.04,15.9,64.17,1
2.95,11.22,33.07,1
0.1,0.5,0.05,0
1.54,5.42,8.32,0
1.41,6.07,8.56,0
1.33,4.7,6.24,1
0.99,1.99,1.97,0
1.35,5.1,6.88,1
3.32,11.76,39.1,1
3.56,13.64,48.6,1
3.88,16.0,62.17,1
0.62,2.98,1.86,1
3.1,13.03,40.44,1
0.28,0.61,0.17,0
0.5,1.78,0.89,0
0.99,2.92,2.88,1
0.1,0.5,0.05,1
3.15,11.24,35.46,1
0.85,2.18,1.85,0
4.14,16.83,69.69,1
0.3,0.5,0.15,0
0.1,1.48,0.15,0
0.1,1.38,0.14,0
2.77,10.92,30.26,1
2.34,8.02,18.8,0
0.1,0.5,0.05,1
0.64,2.01,1.29,1
3.17,12.56,39.87,1
0.45,1.71,0.77,1
4.03,14.49,58.45,1
4.33,17.39,75.36,0
0.45,3.06,1.38,1
1.21,4.43,5.39,0
4.51,17.24,77.83,0
3.02,10.27,31.0,1
4.24,15.8,67.04,1
1.23,5.08,6.24,0
0.1,0.66,0.07,0
0.42,1.18,0.49,1
1.7,6.25,10.63,1
3.22,11.87,38.23,0
0.53,1.78,0.94,0
3.17,12.4,39.34,1
3.53,11.83,41.75,1
3.53,13.36,47.18,1
3.77,14.59,54.94,1
0.95,3.15,2.98,0
2.87,10.51,30.14,1
2.78,10.21,28.42,0
3.33,12.28,40.95,0
2.72,10.33,28.08,1
3.28,12.56,41.2,1
0.63,0.72,0.45,1
2.95,11.75,34.71,1
3.68,13.77,50.74,0
4.99,20.5,102.2,0
3.18,11.14,35.43,1
3.48,12.55,43.73,0
1.32,4.87,6.44,0
2.75,10.79,29.72,1
0.34,0.5,0.17,0
1.16,3.75,4.35,1
0.1,0.85,0.09,0
0.25,0.5,0.12,1
0.1,1.48,0.15,0
3.19,11.74,37.42,1
1.07,3.33,3.55,0
1.17,4.94,5.78,1
0.81,4.38,3.56,1
3.01,11.75,35.32,1
2.53,10.62,26.85,0
0.57,3.51,2.0,0
0.1,0.5,0.05,1
3.68,14.74,54.28,1
2.77,9.31,25.8,0
3.21,12.54,40.29,1
1.07,4.0,4.26,1
4.5,18.11,81.58,1
0.14,1.48,0.21,0
3.68,14.45,53.24,1
0.82,3.36,2.76,1
0.61,2.71,1.64,1
2.94,11.22,32.96,1
3.46,13.1,45.35,1
0.1,1.53,0.15,0
0.54,3.32,1.81,1
2.36,8.84,20.83,1
3.89,14.98,58.34,1
0.33,1.3,0.43,1
3.39,11.6,39.34,0
0.68,2.31,1.57,1
4.09,16.82,68.75,1
3.96,14.44,57.17,1
2.95,12.92,38.16,1
3.77,15.25,57.45,1
4.2,16.3,68.53,1
0.76,3.34,2.54,0
1.27,4.07,5.15,1
0.67,2.35,1.58,0
0.1,1.53,0.15,0
3.99,14.68,58.58,1
0.68,3.43,2.32,0
3.41,11.85,40.37,0
0.1,0.5,0.05,1
3.54,14.96,52.92,1
2.36,8.95,21.1,1
0.13,0.5,0.07,1
3.48,14.3,49.74,1
0.44,2.68,1.19,0
0.97,4.41,4.26,1
3.61,13.28,48.0,1
3.23,12.03,38.83,1
2.75,10.69,29.37,1
3.99,15.73,62.79,0
0.1,0.5,0.05,0
1.04,4.07,4.22,1
2.74,10.64,29.21,1
0.29,2.11,0.6,1
0.51,2.53,1.28,0
4.0,14.01,56.1,1
1.41,5.17,7.27,0
0.1,0.5,0.05,0
3.32,13.06,43.33,1
0.1,1.12,0.11,1
3.02,11.54,34.82,1
0.5,1.7,0.86,1
1.6,6.14,9.84,0
0.67,2.72,1.83,1
3.38,12.32,41.61,1
0.86,2.3,1.99,1
0.99,2.12,2.11,1
1.03,4.94,5.11,1
1.51,6.14,9.29,1
0.58,2.51,1.46,1
0.1,1.39,0.14,1
3.55,12.49,44.35,0
3.64,12.43,45.21,1
0.99,4.08,4.04,1
0.1,0.61,0.06,1
4.34,15.1,65.52,0
0.4,1.8,0.72,0
0.1,0.5,0.05,1
2.57,9.13,23.47,1
0.26,0.74,0.19,1
1.08,2.17,2.35,0
0.14,0.5,0.07,1
4.25,15.59,66.28,1
3.82,14.95,57.03,1
4.11,15.47,63.53,1
0.38,1.94,0.73,0
4.19,13.87,58.07,1
3.08,11.04,34.03,0
0.3,1.58,0.47,0
0.1,0.5,0.05,0
3.52,14.05,49.48,1
0.65,1.01,0.65,1
3.22,12.83,41.35,1
3.59,13.11,47.02,1
3.32,12.04,40.04,1
0.1,1.17,0.12,1
0.1,1.31,0.13,1
3.8,15.27,58.05,1
0.32,2.83,0.9,0
3.14,12.95,40.68,1
3.04,10.93,33.25,1
1.5,5.8,8.69,0
2.4,8.83,21.17,1
4.29,17.92,76.87,1
0.2,1.64,0.33,1
0.1,0.5,0.05,1
2.93,11.85,34.74,1
0.51,0.94,0.47,0
3.26,12.57,40.91,1
3.89,14.02,54.48,0
1.06,2.68,2.85,0
0.95,4.23,4.01,0
3.79,15.13,57.34,1
0.91,3.83,3.49,0
1.1,4.04,4.46,1
0.4,0.5,0.2,1
1.85,6.11,11.33,1
3.72,13.36,49.67,0
0.5,1.71,0.85,0
4.06,16.27,66.01,1
0.52,2.83,1.48,1
2.62,8.64,22.62,1
3.52,12.83,45.21,0
1.3,4.37,5.7,1
0.27,0.5,0.14,0
0.38,1.89,0.72,0
4.24,15.92,67.53,1
0.1,0.5,0.05,1
3.87,15.79,61.13,0
0.34,1.35,0.45,0
3.19,11.79,37.64,1
0.4,1.97,0.79,0
0.26,1.83,0.47,0
5.23,20.11,105.22,1
1.48,6.19,9.17,0
0.93,3.42,3.19,0
0.1,0.5,0.05,0
4.49,17.17,77.18,1
0.58,1.62,0.94,1
0.78,2.51,1.95,1
0.59,3.35,1.98,1
0.1,1.99,0.2,1
3.39,14.17,48.12,1
0.1,0.5,0.05,1
0.77,1.79,1.37,0
0.64,1.47,0.94,0
3.4,13.02,44.27,1
1.31,2.72,3.55,1
2.84,10.3,29.21,1
2.91,12.18,35.42,0
3.8,15.22,57.78,1
4.1,15.16,62.08,1
3.74,13.88,51.97,1
1.43,5.89,8.43,1
0.1,1.13,0.11,1
2.62,9.52,24.91,1
0.1,0.5,0.05,1
1.59,5.58,8.85,0
1.02,2.8,2.85,1
1.28,4.69,6.0,1
0.37,1.16,0.43,0
2.96,10.23,30.27,1
0.43,2.14,0.91,0
4.32,16.82,72.73,1
0.4,2.08,0.84,1
3.74,13.61,50.97,1
3.15,10.39,32.76,1
0.46,2.12,0.98,0
2.33,8.33,19.43,1
0.67,1.83,1.22,0
1.37,4.21,5.78,0
3.47,12.95,44.87,1
0.52,3.22,1.66,1
3.06,11.21,34.23,1
1.1,3.29,3.61,1
0.1,0.9,0.09,0
0.39,1.6,0.62,0
3.15,10.26,32.27,1
1.03,4.45,4.58,1
2.79,12.29,34.23,1
1.37,3.12,4.27,1
3.46,12.16,42.08,1
3.16,9.72,30.7,1
2.54,9.59,24.36,0
1.95,8.21,16.01,0
0.77,3.01,2.32,0
3.44,14.17,48.7,0
3.18,12.74,40.48,0
0.1,1.74,0.17,1
3.59,14.57,52.3,1
3.2,11.82,37.78,1
1.22,4.69,5.73,0
1.7,5.76,9.78,0
4.09,15.36,62.86,1
0.32,1.27,0.41,1
0.26,0.91,0.23,1
0.74,3.9,2.89,0
1.49,5.39,8.01,1
0.1,0.5,0.05,0
0.77,2.21,1.69,1
0.1,0.9,0.09,1
0.1,0.5,0.05,1
0.93,3.39,3.17,0
2.72,11.41,31.07,1
0.2,0.99,0.2,0
0.32,1.15,0.36,0
2.56,9.7,24.82,1
1.97,6.67,13.17,0
3.24,11.62,37.6,1
4.64,17.49,81.25,0
0.1,0.6,0.06,1
0.3,1.9,0.57,1
4.13,15.78,65.25,1
4.31,17.47,75.34,1
2.8,11.94,33.48,1
4.45,17.56,78.23,1
0.1,1.36,0.14,1
3.7,13.27,49.08,1
0.47,0.88,0.41,1
0.1,0.79,0.08,1
0.4,0.5,0.2,1
4.38,16.4,71.81,1
3.21,12.82,41.15,1
0.1,1.51,0.15,1
2.9,10.8,31.29,1
0.1,0.5,0.05,0
0.1,0.64,0.06,0
1.03,3.07,3.18,1
0.82,2.98,2.45,1
1.03,3.89,3.99,1
1.15,4.36,5.03,1
0.91,3.53,3.22,0
2.19,7.65,16.76,1
0.65,1.89,1.23,0
0.53,1.4,0.73,0
0.91,2.17,1.98,0
1.38,5.52,7.63,1
0.31,1.89,0.58,0
3.46,13.79,47.73,1
3.21,11.97,38.37,1
1.73,5.94,10.28,1
0.92,4.09,3.76,0
0.1,0.89,0.09,0
0.91,3.65,3.34,1
0.1,1.78,0.18,1
3.89,14.78,57.54,1
3.64,13.62,49.57,1
1.23,4.35,5.35,1
0.1,0.5,0.05,0
0.1,0.91,0.09,0
0.35,1.23,0.42,0
0.46,2.15,0.98,1
1.27,6.32,8.06,1
1.74,6.29,10.91,1
4.32,14.55,62.83,1
2.95,11.61,34.27,1
3.2,12.28,39.24,1
2.77,9.94,27.54,0
0.87,3.64,3.17,1
4.11,16.23,66.67,1
0.93,2.76,2.56,0
4.57,17.11,78.09,0
0.44,2.84,1.24,0
3.65,13.3,48.59,1
1.42,5.46,7.77,1
0.1,0.5,0.05,1
3.06,10.46,32.04,1
1.41,5.47,7.7,0
3.66,14.89,54.5,0
2.13,7.02,14.99,0
3.56,13.6,48.44,1
3.31,12.26,40.52,1
3.21,12.97,41.65,0
2.91,10.08,29.32,1
4.06,15.77,64.02,1
0.73,2.26,1.65,1
0.1,0.56,0.06,0
0.14,0.6,0.09,1
4.18,15.7,65.66,1
2.92,11.47,33.47,1
2.35,8.98,21.14,1
4.48,16.93,75.89,1
3.0,11.11,33.33,1
3.28,12.51,41.0,1
3.83,14.75,56.53,0
3.66,13.13,48.11,1
0.1,0.5,0.05,1
2.93,10.28,30.09,1
0.17,0.62,0.11,0
1.41,4.88,6.87,1
1.68,6.99,11.73,1
0.68,3.13,2.14,0
0.1,0.5,0.05,0
2.79,10.61,29.66,1
2.92,11.62,33.99,1
3.21,12.07,38.78,1
0.76,2.31,1.76,0
0.4,0.66,0.26,0
0.1,1.06,0.11,1
0.33,1.96,0.64,0
1.1,4.02,4.42,1
5.09,19.96,101.6,1
0.73,0.5,0.36,0
1.2,5.63,6.78,1
3.8,14.32,54.41,1
0.1,0.5,0.05,0
3.6,13.41,48.21,1
0.1,1.5,0.15,1
3.25,11.5,37.38,1
0.1,1.56,0.16,0
0.38,1.75,0.66,1
3.67,14.44,52.94,1
0.1,0.5,0.05,1
0.1,0.5,0.05,1
0.77,3.69,2.85,1
0.84,3.45,2.91,1
3.34,13.78,46.05,0
4.77,17.98,85.81,1
0.84,2.85,2.38,1
4.5,18.2,81.85,1
0.7,4.19,2.93,0
0.1,0.5,0.05,1
0.65,1.88,1.22,0
0.15,1.21,0.18,0
3.66,13.72,50.28,0
3.55,13.96,49.55,1
4.56,17.11,78.01,1
0.1,1.63,0.16,0
1.43,4.87,6.97,1
4.51,17.53,79.08,1
0.1,0.5,0.05,1
0.81,2.85,2.3,1
0.37,1.08,0.4,0
1.02,4.46,4.54,0
3.42,13.73,46.97,1
0.28,1.53,0.44,0
3.24,12.24,39.7,1
1.22,4.73,5.76,1
4.25,16.87,71.69,1
3.93,15.69,61.68,1
4.59,15.29,70.21,1
0.1,0.5,0.05,1
4.27,16.05,68.55,1
0.87,3.83,3.33,0
0.1,0.5,0.05,1
1.08,4.69,5.09,1
3.39,12.02,40.78,1
0.55,2.31,1.28,1
0.1,1.1,0.11,1
0.1,0.5,0.05,0
2.92,13.1,38.24,1
0.42,2.54,1.06,0
3.12,11.87,37.09,1
3.19,11.45,36.49,1
2.93,10.99,32.21,1
3.8,14.49,55.01,1
0.61,2.69,1.65,0
0.68,3.77,2.56,0
2.91,10.68,31.09,1
0.9,3.88,3.5,0
1.45,4.46,6.44,0
4.04,15.01,60.59,1
1.08,4.41,4.78,1
0.74,3.36,2.48,1
0.1,0.5,0.05,1
3.99,14.8,58.99,0
0.29,2.28,0.67,0
0.47,2.71,1.27,0
0.7,2.81,1.95,0
0.8,1.24,0.99,1
3.03,13.54,41.09,1
1.46,5.53,8.08,1
3.21,11.96,38.43,1
3.23,11.85,38.25,1
0.29,1.4,0.41,0
1.45,5.84,8.49,0
0.43,2.4,1.04,1
1.16,3.67,4.25,0
2.36,8.7,20.49,0
0.1,2.0,0.2,0
0.53,2.18,1.14,1
0.86,3.13,2.69,0
0.57,1.4,0.79,0
0.88,3.76,3.33,0
1.49,6.47,9.61,0
0.13,1.2,0.16,0
0.1,0.5,0.05,0
0.33,1.55,0.51,1
0.75,4.17,3.11,1
0.55,2.95,1.62,1
2.71,9.67,26.2,1
0.74,0.79,0.58,1
1.0,4.05,4.06,0
3.16,12.64,39.95,1
0.1,0.5,0.05,1
1.74,6.59,11.44,1
0.1,0.5,0.05,1
0.1,0.5,0.05,0
0.63,1.97,1.25,1
0.31,2.2,0.68,1
3.55,13.59,48.19,1
0.15,0.5,0.07,0
0.39,2.22,0.87,1
1.06,3.02,3.2,0
1.37,6.22,8.5,0
0.27,1.83,0.5,0
0.57,3.28,1.87,0
1.42,5.25,7.43,1
0.19,0.5,0.09,1
3.36,12.84,43.18,0
2.04,7.69,15.7,0
3.77,13.8,52.02,1
5.01,18.6,93.2,1
0.33,0.96,0.32,0
1.69,5.47,9.22,1
0.1,0.92,0.09,0
3.87,14.67,56.79,1
0.64,2.17,1.38,0
1.07,3.16,3.36,0
0.1,0.5,0.05,1
3.94,16.53,65.2,1
0.45,1.22,0.55,1
0.97,4.16,4.02,1
0.21,0.91,0.19,0
3.38,10.62,35.87,1
4.36,18.0,78.51,1
1.46,6.08,8.86,0
0.96,3.04,2.92,1
0.55,2.09,1.16,0
0.88,2.42,2.12,1
0.4,3.0,1.21,1
4.3,15.6,67.03,1
0.21,0.5,0.11,0
3.63,13.22,48.05,1
1.29,4.96,6.39,1
0.43,2.71,1.16,0
1.5,7.14,10.73,0
0.57,1.84,1.05,1
4.36,16.86,73.49,0
1.09,4.23,4.63,0
0.55,1.31,0.72,1
0.1,2.32,0.23,1
0.87,4.39,3.82,1
2.81,10.85,30.53,1
2.91,12.32,35.86,1
3.84,15.55,59.68,0
0.1,0.5,0.05,0
0.68,2.86,1.96,1
0.9,4.61,4.13,1
1.84,6.24,11.5,1
4.03,16.64,67.02,0
3.39,12.71,43.13,0
0.13,1.71,0.22,0
3.67,13.92,51.04,1
0.1,0.65,0.07,1
1.85,7.01,12.98,1
0.1,0.5,0.05,0
0.73,2.56,1.87,0
2.35,10.04,23.62,1
0.1,0.5,0.05,0
0.1,0.5,0.05,1
2.73,9.79,26.69,1
0.1,0.5,0.05,1
4.08,16.73,68.34,1
3.55,14.51,51.58,1
3.72,14.62,54.4,0
3.4,12.4,42.12,1
0.1,1.45,0.14,0
0.19,0.5,0.1,0
2.5,11.23,28.1,1
2.36,8.41,19.81,0
0.78,2.77,2.17,0
0.56,1.77,0.98,0
2.98,10.46,31.17,1
0.28,2.61,0.74,1
1.21,5.22,6.31,0
0.1,1.35,0.14,1
0.1,0.5,0.05,0
0.1,0.52,0.05,0
3.45,13.51,46.57,1
4.37,16.84,73.66,1
0.77,2.0,1.54,0
4.03,16.18,65.26,1
3.62,13.86,50.19,1
0.63,1.61,1.01,1
3.33,11.15,37.08,1
4.42,17.28,76.33,1
0.1,2.34,0.23,1
0.21,0.5,0.11,0
1.35,5.28,7.14,1
3.53,14.29,50.41,1
3.67,12.94,47.52,0
3.86,14.28,55.11,1
4.31,15.69,67.6,1
3.11,12.62,39.26,1
3.62,14.8,53.5,1
3.84,14.72,56.51,1
3.43,12.38,42.49,1
4.37,16.26,71.06,1
0.23,0.5,0.12,1
2.21,7.61,16.8,1
0.96,3.56,3.4,0
0.64,2.9,1.86,1
1.46,5.94,8.68,0
0.48,1.81,0.87,0
0.1,0.5,0.05,1
3.61,13.66,49.34,0
0.96,2.63,2.53,1
3.46,13.29,46.05,0
0.49,1.38,0.67,0
0.74,1.74,1.29,1
0.31,1.48,0.46,1
1.11,3.72,4.11,1
3.61,13.88,50.05,1
0.1,1.06,0.11,0
0.97,2.93,2.85,1
3.22,12.31,39.63,1
3.2,10.72,34.34,1
2.5,10.73,26.86,1
1.35,4.05,5.48,1
3.89,14.38,56.01,1
0.37,2.49,0.93,1
4.75,17.85,84.69,1
3.14,10.99,34.54,1
3.72,14.71,54.71,1
4.27,16.76,71.52,1
0.43,1.13,0.49,1
0.1,0.5,0.05,1
4.22,15.7,66.34,1
3.35,12.58,42.2,0
3.56,12.02,42.81,0
3.07,11.52,35.39,1
0.1,1.81,0.18,1
1.22,3.92,4.78,1
0.1,0.5,0.05,1
1.54,4.9,7.53,1
3.85,15.11,58.1,1
3.6,14.62,52.58,0
4.18,16.84,70.49,1
1.07,3.06,3.27,0
0.85,3.61,3.05,0
3.91,15.99,62.43,1
1.58,6.42,10.15,0
0.7,3.05,2.14,0
0.2,0.5,0.1,0
0.1,0.56,0.06,0
2.97,12.26,36.37,1
3.38,13.12,44.37,1
4.89,17.57,85.89,0
3.53,13.06,46.15,0
0.1,1.35,0.13,1
0.1,0.64,0.06,1
0.65,2.57,1.67,0
0.14,0.5,0.07,1
3.43,13.98,47.9,1
0.93,4.88,4.56,0
1.38,6.27,8.68,1
0.78,4.11,3.19,0
3.79,14.1,53.4,0
1.58,5.59,8.81,1
0.56,2.0,1.12,1
0.1,0.5,0.05,1
0.66,3.67,2.44,1
3.98,16.07,64.04,0
3.71,14.52,53.87,1
3.48,12.06,41.94,1
2.62,8.6,22.53,1
3.48,13.43,46.81,0
3.76,14.98,56.26,1
4.46,16.88,75.26,1
3.56,15.04,53.47,1
0.48,0.97,0.47,0
3.11,10.85,33.74,1
0.1,0.5,0.05,0
3.95,14.46,57.18,1
2.9,11.45,33.26,1
1.15,4.02,4.61,0
2.84,9.56,27.17,1
4.46,17.65,78.68,1
1.17,3.05,3.58,1
0.1,0.5,0.05,0
2.36,7.68,18.13,1
0.1,0.55,0.05,1
0.51,2.09,1.07,0
3.25,13.88,45.09,1
0.35,2.06,0.72,1
0.1,1.53,0.15,0
1.17,4.69,5.51,0
1.03,3.11,3.19,1
0.24,1.03,0.25,0
4.51,17.62,79.5,0
2.68,10.75,28.81,1
3.76,13.9,52.23,0
1.46,5.94,8.66,1
4.03,14.56,58.63,1
1.15,3.54,4.07,1
2.32,7.93,18.42,1
2.59,9.86,25.55,1
4.32,15.47,66.8,1
3.82,14.16,54.03,1
3.32,13.34,44.28,1
1.29,4.09,5.3,0
0.21,0.5,0.1,0
2.88,10.98,31.58,1
4.15,15.98,66.39,1
0.32,0.81,0.26,0
4.45,17.53,77.99,1
4.53,17.68,80.04,0
3.42,13.92,47.65,1
3.93,14.86,58.36,1
3.86,14.27,55.12,1
3.81,13.94,53.1,1
4.08,15.76,64.35,1
4.18,15.58,65.08,1
4.52,16.72,75.56,1
2.81,10.31,28.96,1
3.55,12.94,45.96,1
3.49,13.43,46.87,1
4.58,16.26,74.37,1
4.33,16.71,72.38,1
3.8,14.98,56.89,1
1.08,3.64,3.94,0
2.7,11.8,31.89,1
1.35,5.15,6.97,1
4.81,17.05,82.08,1
0.1,0.5,0.05,0
1.1,4.25,4.69,0
1.18,4.85,5.72,1
3.96,14.85,58.84,1
3.95,14.21,56.16,1
4.79,17.31,82.86,0
0.51,1.42,0.73,1
1.89,6.73,12.71,0
0.24,0.5,0.12,1
0.76,2.3,1.74,1
2.68,10.7,28.66,1
3.79,15.71,59.49,1
3.76,14.91,56.14,1
0.1,1.42,0.14,1
3.41,13.72,46.72,1
4.7,18.52,86.99,1
1.37,4.92,6.72,1
4.08,15.62,63.78,1
0.96,3.33,3.2,1
0.57,1.98,1.12,0
0.25,1.01,0.25,0
1.06,4.58,4.83,1
0.1,0.72,0.07,1
2.98,11.21,33.42,1
2.92,11.14,32.5,0
3.59,14.0,50.31,1
3.68,14.51,53.33,1
4.91,17.43,85.56,1
4.06,14.56,59.1,1
3.36,13.65,45.86,1
3.68,13.93,51.28,1
0.68,2.23,1.51,1
0.1,0.5,0.05,1
3.41,12.75,43.49,0
3.28,12.9,42.3,1
0.74,1.94,1.45,1
0.15,0.59,0.09,0
5.26,20.2,106.3,1
3.81,14.81,56.45,1
3.32,12.78,42.36,1
0.96,4.05,3.87,1
0.32,0.76,0.24,0
1.2,3.8,4.55,0
0.72,4.69,3.36,0
4.2,15.71,65.95,1
0.1,0.5,0.05,0
0.35,1.85,0.64,0
0.58,3.49,2.04,0
3.9,14.4,56.22,1
0.44,0.88,0.39,1
0.1,0.5,0.05,1
3.7,15.33,56.72,1
0.91,2.62,2.38,0
0.1,0.5,0.05,0
3.5,12.53,43.92,1
0.97,2.53,2.45,1
0.62,2.13,1.33,0
3.11,11.07,34.43,1
0.49,1.31,0.64,0
0.1,1.98,0.2,0
0.1,0.72,0.07,0
4.35,17.28,75.23,1
0.52,2.62,1.35,0
3.4,12.83,43.59,1
0.1,0.5,0.05,1
3.34,12.88,42.99,0
1.01,3.96,3.99,0
3.8,13.99,53.17,1
3.27,12.52,40.91,1
4.07,14.88,60.51,1
0.58,2.08,1.22,0
0.69,2.35,1.62,0
2.63,8.99,23.65,1
0.1,0.5,0.05,0
0.88,2.6,2.29,0
3.97,16.55,65.76,1
0.32,0.96,0.31,0
3.86,15.27,58.9,1
4.07,13.79,56.18,1
3.17,11.24,35.65,1
0.46,0.67,0.31,1
1.25,4.59,5.73,1
1.53,7.74,11.82,0
2.83,11.14,31.58,1
0.11,1.79,0.2,1
2.72,10.15,27.63,0
0.5,2.99,1.49,1
1.26,6.46,8.15,1
3.61,13.62,49.12,1
3.61,13.3,48.04,1
3.08,10.66,32.83,1
3.71,13.84,51.28,1
0.88,3.42,3.02,0
3.62,15.39,55.78,1
1.23,3.65,4.51,1
1.17,4.49,5.24,1
0.59,0.79,0.47,0
0.75,2.52,1.89,0
3.03,11.76,35.65,1
0.57,2.58,1.48,0
0.1,0.85,0.09,1
3.15,12.3,38.81,1
0.63,2.86,1.8,1
0.83,3.17,2.62,1
0.19,0.5,0.09,0
2.69,8.73,23.45,1
0.1,0.5,0.05,0
3.09,11.65,36.05,0
3.66,14.91,54.55,0
4.4,16.65,73.3,0
0.98,3.55,3.46,0
0.17,0.97,0.17,0
0.34,1.07,0.36,1
0.35,1.97,0.69,1
6.25,25.35,158.53,0
0.16,2.36,0.38,0
0.1,0.5,0.05,0
0.25,1.23,0.31,0
3.99,16.42,65.48,1
0.19,0.62,0.12,0
4.31,16.91,72.83,1
1.11,3.3,3.66,1
4.13,15.45,63.86,1
3.18,13.02,41.47,1
3.42,12.44,42.59,1
0.93,3.41,3.16,1
0.1,0.5,0.05,0
3.04,13.17,40.06,1
3.78,15.38,58.19,1
1.74,6.78,11.82,0
0.26,1.38,0.36,1
0.3,1.47,0.44,1
3.84,15.69,60.2,0
4.11,15.19,62.36,1
0.1,0.97,0.1,1
1.15,5.25,6.05,1
0.25,1.94,0.49,1
2.87,9.09,26.06,0
0.28,0.6,0.17,1
1.01,3.01,3.03,1
0.1,0.5,0.05,1
0.1,0.5,0.05,1
3.76,12.64,47.5,1
3.81,16.2,61.63,1
1.78,7.25,12.88,1
4.03,15.42,62.19,1
4.04,15.65,63.27,1
0.88,3.47,3.06,1
0.1,1.18,0.12,1
4.17,15.33,63.91,0
0.24,1.05,0.25,0
3.47,13.36,46.32,1
3.44,12.23,42.03,1
3.12,12.88,40.23,1
1.89,6.81,12.83,1
4.17,16.68,69.6,1
2.85,10.93,31.2,1
0.36,2.68,0.97,0
0.85,2.39,2.03,1
2.95,10.34,30.51,1
3.42,12.26,41.91,1
4.5,17.2,77.35,1
3.15,13.2,41.55,1
0.1,1.65,0.17,0
0.1,0.5,0.05,0
0.74,3.01,2.23,1
0.53,0.5,0.27,1
3.68,14.63,53.89,0
1.25,5.66,7.09,0
2.51,9.5,23.84,1
2.42,9.28,22.49,1
3.72,14.19,52.76,0
2.0,6.99,14.01,1
2.98,11.67,34.77,1
0.29,0.91,0.26,0
0.69,3.36,2.31,0
3.66,13.81,50.54,1
1.06,3.34,3.55,0
2.81,9.45,26.57,1
0.1,0.5,0.05,0
2.9,12.08,35.09,1
4.42,16.44,72.73,1
4.03,15.6,62.89,1
0.1,1.81,0.18,0
3.03,11.06,33.52,1
3.34,12.17,40.6,1
3.02,11.36,34.26,1
0.1,0.5,0.05,0
0.1,1.89,0.19,0
0.53,3.25,1.71,0
1.44,5.97,8.6,1
0.1,1.54,0.15,0
0.15,0.5,0.08,0
3.54,13.7,48.53,1
3.3,12.28,40.47,1
0.7,1.61,1.12,0
4.17,16.82,70.15,1
0.59,2.65,1.55,1
0.75,2.86,2.14,1
1.22,4.64,5.68,0
0.84,2.0,1.69,0
1.88,6.36,11.95,1
0.21,1.08,0.23,0
2.78,10.12,28.1,1
0.97,3.51,3.4,1
0.1,0.5,0.05,0
1.62,5.6,9.07,1
0.96,2.88,2.77,1
0.12,0.5,0.06,0
0.1,0.5,0.05,1
1.9,7.71,14.65,1
3.1,10.48,32.52,1
0.89,3.35,2.96,1
2.76,10.71,29.55,1
0.66,1.73,1.15,0
0.48,2.96,1.42,0
0.34,1.0,0.34,0
1.39,5.21,7.27,1
0.1,0.5,0.05,0
1.33,3.62,4.8,1
3.42,13.82,47.31,1
2.8,9.87,27.61,1
0.47,1.6,0.76,1
3.06,12.11,37.06,1
0.26,2.17,0.57,1
3.09,10.87,33.59,1
3.62,13.41,48.6,1
1.31,6.07,7.92,0
0.3,1.5,0.45,1
0.36,1.92,0.7,1
1.73,5.73,9.92,1
1.47,5.3,7.8,1
3.46,13.0,44.95,0
3.56,12.86,45.85,1
3.4,11.58,39.38,1
2.7,9.86,26.65,1
0.56,3.2,1.78,0
2.61,9.96,26.0,1
0.38,2.54,0.97,0
0.55,2.23,1.22,0
0.55,1.48,0.82,1
1.1,5.22,5.75,0
4.72,18.11,85.49,1
0.31,1.94,0.6,0
3.61,12.85,46.31,1
0.55,2.92,1.61,0
3.58,14.46,51.78,0
2.75,10.7,29.47,1
1.05,3.33,3.49,1
3.79,14.37,54.46,0
0.24,1.4,0.33,0
0.87,3.48,3.01,0
4.19,16.39,68.62,1
0.1,1.19,0.12,1
1.39,4.76,6.61,0
0.4,0.61,0.25,1
3.54,13.43,47.54,0
3.07,11.4,35.01,1
3.22,12.88,41.52,1
0.93,2.69,2.51,1
4.22,16.87,71.25,1
0.9,4.48,4.01,1
3.27,12.41,40.53,1
2.77,10.59,29.39,1
0.43,1.03,0.44,0
3.04,11.11,33.73,1
4.47,16.66,74.48,1
3.43,14.21,48.8,0
3.61,13.65,49.23,1
0.68,1.53,1.04,0
0.18,0.89,0.16,0
4.18,16.56,69.29,1
0.1,0.5,0.05,0
3.25,13.54,44.03,1
0.41,2.17,0.89,1
3.42,12.14,41.5,1
0.1,0.5,0.05,1
0.65,2.67,1.75,1
0.62,1.02,0.63,0
1.01,4.12,4.18,1
0.6,0.86,0.51,0
0.44,2.5,1.11,0
4.04,16.08,65.01,1
3.34,13.08,43.65,0
3.98,14.59,58.08,1
3.63,13.92,50.48,0
3.63,13.4,48.71,1
0.27,0.5,0.14,1
3.13,11.62,36.37,1
0.75,3.41,2.56,1
3.36,12.81,43.04,1
0.1,1.54,0.15,0
1.0,4.4,4.39,1
0.26,1.52,0.4,0
3.48,11.94,41.55,1
3.91,14.63,57.2,1
4.67,16.88,78.78,1
0.23,0.72,0.17,1
3.75,13.71,51.48,1
2.71,10.0,27.09,0
3.42,13.85,47.4,0
3.79,14.78,56.04,1
4.26,16.98,72.28,0
0.24,0.5,0.12,0
0.1,0.5,0.05,0
0.79,3.78,3.0,1
1.29,6.11,7.89,0
1.52,4.53,6.86,1
1.14,4.03,4.58,1
1.23,5.49,6.73,0
4.32,16.26,70.27,1
1.11,3.48,3.84,1
4.33,15.21,65.86,0
0.2,0.5,0.1,0
2.37,7.67,18.19,1
3.39,12.92,43.77,1
0.1,1.1,0.11,0
0.1,0.5,0.05,0
1.49,5.88,8.77,1
0.12,1.14,0.14,0
1.26,4.78,6.02,1
4.14,14.43,59.7,1
0.58,2.52,1.46,1
2.99,11.32,33.88,1
1.01,3.71,3.75,0
0.1,0.5,0.05,0
2.76,10.55,29.12,1
0.1,0.79,0.08,1
0.51,3.84,1.94,1
0.52,2.07,1.08,0
0.72,3.93,2.82,1
0.88,3.61,3.16,1
3.79,14.33,54.37,1
0.84,3.29,2.75,0
3.65,12.9,47.12,0
3.17,12.29,38.94,1
4.48,15.42,69.06,0
0.43,0.93,0.39,0
0.43,1.72,0.74,0
0.42,2.54,1.06,0
0.1,1.52,0.15,0
0.15,0.5,0.07,1
3.35,12.87,43.17,1
3.8,15.21,57.74,0
3.53,12.34,43.55,1
0.44,1.99,0.87,1
1.56,5.26,8.19,1
3.61,13.59,49.11,0
3.69,13.65,50.35,1
0.31,1.52,0.47,0
1.1,4.61,5.06,1
4.44,17.57,77.96,1
3.27,12.7,41.5,1
0.66,2.65,1.75,1
3.27,13.91,45.48,1
0.68,1.36,0.93,1
2.56,11.07,28.3,1
1.26,4.56,5.75,1
0.78,3.4,2.64,1
3.82,14.27,54.53,0
3.51,12.77,44.81,1
3.32,13.0,43.14,1
2.7,11.09,29.92,1
3.97,15.47,61.44,1
3.02,11.03,33.26,1
0.4,4.42,1.78,1
3.47,14.16,49.19,1
3.53,14.15,49.89,0
4.3,16.07,69.18,1
2.56,9.22,23.57,1
3.61,13.5,48.73,1
0.61,3.18,1.94,0
3.47,12.37,42.88,1
1.06,3.17,3.37,0
2.83,11.2,31.76,1
3.33,12.92,43.05,1
3.15,11.37,35.84,0
2.94,10.3,30.31,0
3.68,15.13,55.68,1
3.05,11.86,36.14,0
1.09,3.05,3.33,1
4.37,15.57,68.02,1
2.94,10.89,32.03,1
0.61,2.91,1.78,0
1.55,6.35,9.82,0
4.27,17.14,73.21,1
4.62,16.35,75.5,1
0.77,3.09,2.36,0
2.69,11.36,30.53,1
0.67,3.63,2.44,1
0.13,0.77,0.1,1
0.11,2.29,0.24,1
2.04,8.25,16.84,1
3.54,14.3,50.67,0
1.22,4.68,5.71,1
4.15,15.15,62.86,0
3.44,12.37,42.52,0
4.56,17.49,79.82,1
4.8,18.06,86.63,1
3.95,13.59,53.63,1
0.27,0.5,0.13,1
3.43,12.78,43.8,1
3.86,15.25,58.89,1
0.34,1.27,0.43,1
0.96,3.6,3.46,1
4.09,14.74,60.23,0
1.76,6.71,11.83,1
3.49,14.34,50.1,1
0.31,1.3,0.4,1
4.04,14.16,57.24,1
4.3,15.34,65.96,0
3.86,15.15,58.54,1
1.81,6.69,12.11,1
1.39,5.23,7.29,1
1.05,3.5,3.68,1
0.5,2.32,1.17,0
0.1,0.5,0.05,1
0.3,1.0,0.3,0
0.63,1.71,1.08,1
2.31,9.53,22.03,1
0.17,0.5,0.08,0
4.49,17.55,78.77,1
0.22,0.5,0.11,0
0.57,3.57,2.05,1
3.87,15.73,60.89,1
0.31,0.5,0.15,0
4.36,15.94,69.58,1
3.8,14.8,56.18,1
4.19,14.87,62.34,0
0.27,0.91,0.24,0
1.35,5.47,7.4,1
1.27,4.69,5.97,0
0.38,1.88,0.72,0
0.77,2.38,1.84,0
1.06,2.22,2.34,1
1.79,7.6,13.61,0
0.33,2.02,0.66,0
0.68,4.58,3.11,1
2.82,8.97,25.32,1
0.38,2.04,0.77,1
3.55,11.91,42.24,1
1.29,6.3,8.12,1
1.61,6.49,10.42,1
1.05,3.22,3.37,0
3.86,15.29,59.01,1
0.1,0.5,0.05,0
6.24,23.94,149.34,1
1.92,7.47,14.37,1
3.72,15.53,57.78,0
1.46,6.98,10.16,1
1.12,3.77,4.22,1
3.15,12.81,40.36,1
3.08,11.98,36.9,1
0.1,0.5,0.05,0
0.14,0.5,0.07,0
0.1,2.25,0.22,1
0.22,1.12,0.24,0
3.05,12.39,37.81,1
0.1,0.5,0.05,1
0.1,0.5,0.05,1
1.12,4.27,4.76,0
3.41,12.76,43.55,1
0.59,1.06,0.63,0
5.2,18.95,98.51,0
0.53,2.58,1.37,0
3.63,13.5,49.02,1
3.81,14.52,55.38,1
3.28,12.63,41.38,1
0.88,3.59,3.16,0
1.46,6.46,9.43,0
3.63,12.9,46.79,1
0.1,0.84,0.08,0
0.1,0.98,0.1,0
4.02,16.06,64.53,1
0.73,1.63,1.19,0
0.38,1.63,0.61,0
0.27,2.42,0.66,0
2.65,9.98,26.44,1
2.75,10.84,29.81,1
3.26,13.01,42.4,1
0.44,0.84,0.37,0
2.71,11.77,31.89,1
0.92,3.89,3.57,0
4.0,15.63,62.54,1
0.49,0.53,0.26,0
0.44,2.32,1.02,0
3.85,15.03,57.86,1
3.65,15.18,55.46,1
3.69,13.76,50.73,0
0.34,0.5,0.17,1
0.12,0.5,0.06,0
3.41,12.56,42.86,1
0.34,0.5,0.17,0
3.06,12.67,38.83,1
3.58,14.68,52.61,1
0.1,0.5,0.05,1
0.77,2.63,2.03,1
1.12,2.79,3.11,0
0.96,4.19,4.01,1
3.11,13.16,40.98,1
1.44,4.98,7.19,1
3.62,13.68,49.57,1
0.1,0.73,0.07,1
0.75,4.22,3.15,0
0.44,1.83,0.8,0
3.05,11.73,35.75,1
0.1,0.52,0.05,0
4.61,16.4,75.67,1
1.37,4.03,5.51,1
0.1,0.5,0.05,1
0.57,2.96,1.68,1
1.12,3.97,4.43,1
0.61,1.89,1.15,1
2.95,10.79,31.86,1
0.19,0.6,0.11,0
0.35,2.7,0.95,1
1.17,4.32,5.04,0
1.52,5.15,7.83,1
3.91,14.89,58.26,1
4.1,16.98,69.6,1
0.35,0.95,0.34,0
0.52,1.03,0.53,1
1.18,4.08,4.82,0
0.94,3.66,3.42,1
3.66,14.47,53.01,1
0.1,1.19,0.12,0
3.63,12.96,47.06,1
3.63,13.04,47.38,1
1.21,4.33,5.23,1
1.79,7.35,13.15,0
3.28,11.47,37.69,1
3.26,11.92,38.91,1
3.92,14.44,56.67,1
3.53,14.15,49.89,1
1.54,6.27,9.64,0
0.1,1.1,0.11,0
0.87,4.39,3.83,1
2.95,10.98,32.42,1
3.35,11.78,39.44,0
0.1,0.5,0.05,0
0.61,0.84,0.51,0
0.1,0.5,0.05,0
0.41,1.26,0.52,1
0.98,4.34,4.25,0
2.7,10.26,27.68,0
3.62,13.37,48.4,1
2.63,9.88,25.94,1
0.21,0.5,0.11,0
3.38,13.67,46.23,1
0.26,0.5,0.13,0
0.1,0.5,0.05,0
3.46,13.81,47.83,1
0.72,3.21,2.32,1
0.74,1.45,1.08,1
0.46,2.42,1.11,0
1.23,4.08,5.02,1
2.84,10.51,29.9,1
3.6,13.84,49.88,1
0.1,0.85,0.08,0
2.33,9.22,21.49,0
2.63,9.95,26.17,0
1.53,5.46,8.35,0
0.67,2.88,1.93,0
1.53,5.7,8.7,1
0.1,1.82,0.18,0
0.39,1.94,0.75,0
2.96,10.51,31.1,1
0.62,1.96,1.21,0
0.1,0.5,0.05,0
2.21,9.43,20.81,1
3.35,13.86,46.41,1
0.1,0.5,0.05,0
1.1,3.42,3.76,0
2.09,7.11,14.89,0
0.1,0.58,0.06,0
2.78,12.39,34.42,1
0.27,1.45,0.39,0
3.9,13.55,52.86,1
2.23,7.89,17.6,0
0.71,2.22,1.59,0
0.63,1.72,1.08,1
0.9,3.1,2.79,0
3.66,14.21,52.02,1
0.1,0.93,0.09,0
3.86,15.55,60.09,1
0.94,3.99,3.75,0
2.4,7.57,18.19,1
2.98,10.48,31.23,1
1.56,5.8,9.04,1
0.1,0.5,0.05,1
0.1,1.07,0.11,1
0.46,1.77,0.81,0
4.04,15.4,62.27,1
0.1,0.57,0.06,0
3.73,13.97,52.13,1
2.98,11.39,33.93,1
0.1,1.28,0.13,1
3.32,12.55,41.7,1
4.21,15.96,67.15,1
2.01,7.6,15.27,1
3.51,14.36,50.37,1
1.58,5.12,8.1,0
3.28,13.9,45.66,1
0.12,0.5,0.06,1
0.81,2.57,2.09,0
0.78,3.56,2.78,0
0.7,3.49,2.45,1
3.6,12.54,45.1,0
0.1,0.5,0.05,1
3.2,12.39,39.67,1
4.82,20.21,97.51,1
0.17,1.64,0.28,0
4.54,17.05,77.38,0
1.16,2.49,2.89,0
0.1,0.5,0.05,0
4.3,16.62,71.44,0
2.97,11.0,32.72,1
0.33,0.58,0.19,0
4.15,15.89,65.95,1
0.54,1.29,0.69,1
4.01,16.75,67.21,0
2.02,8.89,17.95,0
0.1,0.91,0.09,1
3.88,14.82,57.52,1
3.97,14.54,57.66,1
0.45,1.69,0.76,0
0.14,1.83,0.25,1
0.1,1.07,0.11,0
3.8,14.61,55.52,0
0.61,3.07,1.89,1
0.36,1.81,0.65,1
3.27,12.74,41.68,1
0.34,2.07,0.7,0
1.74,7.02,12.21,1
0.1,1.07,0.11,0
7.37,28.14,207.46,1
0.29,0.92,0.27,1
0.1,0.5,0.05,1
4.43,16.3,72.2,1
4.09,14.26,58.32,1
4.24,15.39,65.31,1
4.91,17.92,88.07,1
4.08,15.08,61.48,0
0.57,3.42,1.95,1
1.3,4.81,6.25,0
0.2,0.97,0.2,0
0.1,0.6,0.06,0
4.16,17.07,70.93,0
0.1,0.5,0.05,0
3.16,11.84,37.46,1
3.91,14.77,57.72,0
0.1,1.29,0.13,0
4.38,17.72,77.65,1
1.06,4.4,4.66,0
0.63,3.37,2.12,1
1.26,4.94,6.24,0
0.1,0.5,0.05,0
0.93,4.49,4.18,1
4.3,16.73,71.94,1
1.14,3.76,4.3,0
1.72,7.32,12.58,0
0.43,1.47,0.63,0
0.1,0.5,0.05,1
0.4,2.22,0.88,1
1.02,3.79,3.86,0
0.1,0.69,0.07,0
1.54,6.39,9.86,1
3.71,13.49,50.09,1
0.15,0.87,0.13,1
0.14,1.62,0.23,0
0.92,2.74,2.53,1
1.22,4.99,6.09,0
1.17,3.77,4.39,0
3.14,12.74,39.99,1
0.96,4.44,4.24,0
1.69,6.16,10.43,0
1.1,5.95,6.54,1
0.67,3.43,2.3,1
4.53,17.8,80.69,1
1.29,5.42,7.0,0
1.25,5.53,6.9,1
0.1,0.5,0.05,0
3.58,13.76,49.26,0
3.51,13.66,48.0,1
4.13,15.38,63.57,1
0.43,1.99,0.85,1
3.49,14.25,49.72,0
0.1,0.5,0.05,1
2.74,10.36,28.38,1
0.1,0.5,0.05,1
4.06,14.01,56.92,1
0.15,1.19,0.18,1
0.67,2.54,1.71,1
2.65,10.09,26.71,1
4.4,15.92,70.03,0
1.36,5.02,6.83,1
3.3,13.4,44.19,1
0.93,3.54,3.3,0
1.15,4.39,5.04,1
4.41,16.93,74.66,1
1.12,3.28,3.68,1
0.25,1.46,0.37,0
3.76,13.27,49.83,1
3.21,11.46,36.81,0
0.79,2.15,1.7,1
0.52,1.83,0.95,1
0.88,3.06,2.7,0
4.3,16.36,70.41,1
0.1,0.5,0.05,1
0.1,1.18,0.12,1
1.06,4.68,4.94,1
3.74,14.06,52.52,1
0.1,0.5,0.05,0
3.37,12.32,41.47,1
0.72,2.48,1.78,1
4.25,15.03,63.86,1
2.57,9.01,23.17,0
0.17,1.34,0.23,0
0.1,0.62,0.06,1
2.99,12.69,37.98,1
3.69,13.79,50.92,1
3.99,14.86,59.22,1
0.44,1.33,0.58,1
3.37,12.56,42.38,1
2.99,10.83,32.35,1
0.16,0.83,0.13,0
0.1,0.5,0.05,1
1.49,5.27,7.87,1
3.3,13.55,44.78,1
3.19,13.65,43.59,1
1.0,4.73,4.73,1
0.57,2.6,1.47,1
3.26,13.01,42.42,1
3.27,13.9,45.41,1
0.2,1.35,0.27,1
1.6,5.6,8.95,0
0.61,2.63,1.6,0
0.1,0.88,0.09,1
0.36,0.55,0.2,0
2.66,9.87,26.25,1
4.26,17.07,72.74,1
0.5,0.5,0.25,1
2.82,9.71,27.36,1
0.64,2.28,1.45,1
2.65,10.33,27.34,1
4.62,16.46,75.99,1
0.1,0.5,0.05,0
4.7,18.77,88.13,1
3.71,14.14,52.41,1
4.33,17.21,74.52,1
1.06,3.55,3.76,1
1.0,3.14,3.13,1
3.2,12.84,41.07,0
2.76,10.79,29.79,1
4.03,14.37,57.95,1
0.72,2.11,1.53,1
0.1,1.63,0.16,0
0.93,2.79,2.6,0
3.23,13.02,42.03,1
1.7,6.07,10.3,0
3.45,13.09,45.12,1
0.88,3.58,3.15,0
1.72,4.84,8.31,0
3.75,13.08,49.04,1
0.24,0.99,0.24,1
4.31,15.8,68.13,1
3.71,14.88,55.18,1
3.91,13.58,53.14,0
1.27,5.28,6.71,0
0.57,1.06,0.6,1
3.07,11.38,34.94,1
0.1,0.5,0.05,1
3.13,13.43,42.09,1
1.21,3.53,4.28,0
1.05,3.91,4.12,0
1.46,4.18,6.13,0
0.3,2.42,0.73,1
1.37,5.54,7.61,1
0.1,0.5,0.05,0
2.88,12.11,34.83,1
3.71,14.22,52.81,1
0.46,1.94,0.9,0
1.43,5.54,7.93,1
3.26,12.83,41.77,1
0.6,1.87,1.12,1
3.15,11.8,37.15,1
0.81,3.74,3.04,1
4.11,15.83,65.06,1
4.69,17.72,83.03,1
3.2,11.03,35.29,1
3.57,14.76,52.64,1
3.83,14.04,53.82,0
3.28,13.24,43.37,1
0.24,1.04,0.25,1
3.41,11.92,40.66,0
0.8,4.05,3.26,1
3.97,15.28,60.64,1
0.89,4.43,3.92,0
4.23,15.92,67.31,1
1.21,5.15,6.22,1
3.26,10.97,35.73,1
3.23,11.89,38.44,1
0.13,0.5,0.07,1
2.98,11.01,32.78,1
0.16,0.97,0.15,0
3.38,12.36,41.77,1
0.47,2.46,1.15,0
3.65,13.17,48.05,1
3.44,13.78,47.43,1
0.33,2.29,0.75,0
1.47,6.38,9.36,1
0.69,2.36,1.63,1
3.68,12.28,45.18,1
3.52,13.84,48.73,1
2.74,10.31,28.26,1
3.89,14.0,54.43,1
3.55,13.03,46.21,1
3.4,14.07,47.87,1
2.44,8.37,20.42,0
1.04,4.32,4.49,0
3.48,13.4,46.67,1
0.44,1.4,0.62,1
3.59,14.17,50.88,1
0.39,2.79,1.09,0
0.4,1.28,0.51,0
1.78,6.58,11.73,1
0.56,2.63,1.48,1
1.34,5.82,7.8,0
4.38,16.53,72.33,0
0.42,1.35,0.57,0
3.29,10.72,35.25,1
0.26,0.5,0.13,1
1.89,6.28,11.89,1
1.28,5.42,6.94,0
2.27,8.43,19.12,1
0.43,1.41,0.61,1
0.72,2.74,1.98,1
1.07,3.39,3.64,0
1.08,5.33,5.74,0
3.67,14.99,55.0,0
1.14,5.62,6.41,0
4.32,16.98,73.4,1
1.24,4.7,5.84,1
2.84,12.08,34.31,1
0.26,0.5,0.13,1
0.48,1.12,0.54,1
0.41,1.09,0.45,0
1.03,4.34,4.47,1
3.56,12.91,45.92,1
0.88,3.24,2.86,1
0.48,0.54,0.26,0
4.63,17.98,83.29,0
2.92,9.88,28.87,1
0.46,1.01,0.47,1
3.77,15.31,57.75,1
1.06,4.99,5.3,1
3.25,12.65,41.1,0
3.72,14.35,53.36,1
3.45,12.68,43.72,1
0.1,0.5,0.05,0
0.1,0.5,0.05,1
5.09,18.15,92.45,1
0.1,0.58,0.06,0
5.47,20.83,114.01,1
0.41,0.81,0.33,1
2.98,12.57,37.43,1
1.4,5.82,8.17,0
0.36,1.93,0.7,0
0.29,0.73,0.21,0
2.32,8.82,20.45,1
0.67,3.03,2.02,1
0.17,0.78,0.14,0
1.33,6.33,8.41,1
0.23,0.71,0.16,0
4.76,17.67,84.04,0
0.19,1.22,0.23,0
4.39,15.68,68.84,1
0.1,1.12,0.11,0
2.91,10.01,29.08,0
1.16,4.93,5.73,0
3.0,10.87,32.59,1
3.3,12.92,42.63,1
3.78,15.07,56.91,1
2.95,11.35,33.53,1
0.1,0.5,0.05,0
0.16,0.5,0.08,0
2.81,10.1,28.4,1
0.1,0.5,0.05,0
4.8,19.15,91.93,0
4.07,15.54,63.22,0
0.81,2.19,1.78,0
2.54,10.8,27.4,1
0.69,2.05,1.4,0
2.54,9.84,24.97,1
3.11,11.15,34.65,0
2.61,8.3,21.67,0
0.1,0.5,0.05,0
1.06,3.68,3.91,0
0.53,2.74,1.46,0
2.33,9.12,21.21,1
3.47,13.3,46.13,1
0.35,0.5,0.18,0
0.78,3.96,3.07,0
3.65,14.05,51.3,1
0.45,1.63,0.74,0
3.19,13.03,41.59,1
1.17,5.44,6.36,1
0.1,1.3,0.13,0
0.78,2.79,2.19,1
0.23,0.5,0.11,0
3.62,14.55,52.67,1
4.07,14.38,58.53,1
4.26,17.74,75.51,1
3.68,13.99,51.43,0
0.65,1.61,1.05,1
3.79,13.43,50.93,1
1.41,4.34,6.11,1
0.1,0.5,0.05,1
0.47,1.79,0.85,0
0.1,0.5,0.05,1
0.85,2.94,2.5,0
3.5,12.21,42.75,1
4.3,16.83,72.43,1
3.8,14.4,54.71,1
2.4,8.82,21.17,1
0.12,0.5,0.06,0
0.16,0.5,0.08,0
2.11,7.67,16.16,1
2.68,10.44,28.0,1
0.41,1.69,0.7,0
1.54,6.49,10.0,0
0.89,3.01,2.7,1
2.95,9.71,28.6,1
4.07,16.27,66.26,1
2.01,6.88,13.8,1
0.1,0.5,0.05,1
0.83,3.11,2.58,1
1.02,4.13,4.23,0
1.26,4.37,5.5,0
0.15,0.5,0.08,0
1.12,3.93,4.38,0
1.1,5.32,5.86,0
3.41,12.96,44.21,1
0.38,0.67,0.26,1
3.17,11.29,35.83,1
3.97,14.9,59.18,1
0.1,0.57,0.06,1
3.42,13.38,45.76,1
1.4,5.41,7.57,1
2.91,10.37,30.12,1
0.1,0.5,0.05,0
0.1,0.97,0.1,0
0.95,2.69,2.56,1
3.26,12.0,39.07,1
3.18,12.54,39.84,1
3.06,12.34,37.8,1
0.1,0.5,0.05,1
0.65,2.14,1.4,1
0.29,0.5,0.14,0
4.03,15.72,63.29,0
3.84,15.63,59.96,1
2.15,10.22,21.97,1
0.57,2.48,1.41,0
3.53,13.36,47.13,1
1.21,3.85,4.65,0
0.17,0.5,0.08,0
3.67,14.1,51.76,1
2.84,12.68,36.05,1
3.26,13.42,43.78,1
0.52,2.88,1.5,0
0.1,0.58,0.06,0
3.13,12.18,38.11,1
1.21,2.67,3.24,1
0.46,2.37,1.09,0
5.04,18.69,94.22,1
2.91,10.51,30.62,1
4.11,15.36,63.12,0
3.1,11.51,35.74,1
3.0,10.81,32.41,1
4.13,15.71,64.86,0
3.26,11.93,38.87,1
0.57,2.26,1.3,0
0.16,0.5,0.08,0
4.09,15.37,62.84,0
0.1,0.5,0.05,1
0.4,1.01,0.4,1
3.74,14.34,53.69,1
0.1,0.5,0.05,0
3.79,13.73,51.97,1
1.06,4.5,4.78,0
0.1,0.5,0.05,0
1.34,6.52,8.74,0
1.25,5.7,7.1,0
1.0,3.39,3.37,0
3.29,11.87,39.05,0
0.1,0.54,0.05,0
1.2,3.39,4.06,1
0.1,0.5,0.05,1
2.54,9.29,23.59,1
3.59,13.55,48.66,0
1.37,5.27,7.21,0
4.69,17.35,81.42,0
4.68,18.8,87.97,0
5.36,19.18,102.85,1
3.96,14.13,55.95,1
3.06,12.01,36.72,1
0.93,2.61,2.43,0
1.55,4.93,7.64,0
3.4,13.0,44.16,1
1.28,4.03,5.16,1
0.1,0.5,0.05,0
3.65,13.32,48.63,1
3.33,11.96,39.81,1
0.73,1.11,0.82,1
4.0,15.32,61.33,1
3.82,13.51,51.55,0
2.83,10.61,29.98,1
1.87,6.71,12.57,0
0.55,1.91,1.05,1
0.1,0.5,0.05,1
0.1,0.53,0.05,0
0.98,3.15,3.09,1
1.07,5.06,5.43,1
0.1,0.5,0.05,1
3.02,11.29,34.06,1
0.68,3.26,2.22,0
3.72,14.53,54.11,1
3.25,11.58,37.69,1
2.72,9.7,26.43,1
0.24,0.5,0.12,0
0.65,2.97,1.94,0
3.02,10.88,32.87,1
1.9,7.41,14.03,0
0.1,0.59,0.06,0
4.01,17.13,68.69,1
0.1,0.63,0.06,0
0.1,0.5,0.05,0
3.75,13.09,49.08,1
1.3,4.72,6.13,0
3.41,12.88,43.99,0
3.31,10.79,35.66,1
1.29,4.33,5.58,0
0.96,3.9,3.75,0
1.26,4.35,5.48,1
2.65,10.85,28.78,1
0.99,2.53,2.51,1
1.29,5.45,7.05,1
0.97,4.41,4.26,1
1.0,4.57,4.58,0
0.37,0.5,0.18,0
0.61,2.58,1.58,1
2.82,10.2,28.8,1
3.43,11.92,40.95,0
2.57,9.42,24.17,1
3.23,11.53,37.19,1
3.68,14.72,54.14,1
0.26,1.4,0.36,0
3.1,10.87,33.72,1
2.69,9.63,25.88,1
0.53,1.7,0.9,1
2.26,8.53,19.29,0
1.66,7.1,11.76,0
3.21,12.74,40.86,1
0.37,1.45,0.53,1
0.63,2.2,1.4,0
3.57,12.14,43.29,1
0.72,3.76,2.71,0
1.36,4.81,6.54,1
0.1,1.62,0.16,0
0.45,1.86,0.84,0
2.18,9.9,21.58,0
3.03,12.01,36.41,0
5.96,21.49,128.02,0
4.08,15.01,61.23,1
3.28,12.33,40.44,1
0.21,0.5,0.1,1
0.1,0.5,0.05,1
1.27,3.74,4.77,0
3.18,12.07,38.33,1
3.43,13.23,45.39,1
0.1,0.5,0.05,1
0.1,1.93,0.19,0
4.31,16.44,70.92,0
0.1,0.5,0.05,1
2.07,6.54,13.51,0
1.13,4.34,4.9,0
0.78,2.77,2.18,1
4.16,16.43,68.37,1
3.22,12.11,38.94,1
4.33,15.52,67.26,1
3.45,14.44,49.77,0
0.32,1.55,0.49,1
3.58,13.4,47.94,1
2.71,10.41,28.18,1
3.28,12.84,42.11,1
0.1,0.5,0.05,0
0.58,2.34,1.36,0
1.93,6.96,13.42,0
4.12,16.06,66.19,1
3.37,12.23,41.26,1
0.1,0.5,0.05,0
0.33,2.58,0.85,0
3.28,13.46,44.22,1
1.92,4.67,8.97,0
1.02,4.79,4.88,1
3.76,14.24,53.61,1
3.95,14.44,56.99,1
0.48,1.02,0.49,0
1.4,4.56,6.39,0
3.95,14.48,57.26,1
1.23,3.76,4.61,1
3.97,14.02,55.69,0
3.35,11.9,39.89,1
1.72,6.8,11.72,1
2.74,10.47,28.72,1
0.83,3.59,2.98,0
0.28,0.99,0.27,1
0.86,2.23,1.93,1
1.49,6.06,9.03,1
0.1,0.5,0.05,1
0.42,2.11,0.88,1
2.92,10.18,29.78,1
2.87,10.35,29.71,1
3.3,12.27,40.53,1
3.6,14.21,51.14,1
0.85,3.36,2.84,0
4.08,15.53,63.39,1
4.05,16.88,68.3,1
0.75,1.38,1.04,1
0.36,0.55,0.2,1
0.94,2.72,2.57,0
3.72,12.71,47.26,0
0.96,3.06,2.94,1
2.83,11.29,31.93,1
0.92,3.01,2.76,1
0.83,2.89,2.39,0
1.24,3.32,4.1,0
1.47,4.97,7.33,0
2.91,10.69,31.1,1
3.66,14.42,52.76,1
0.1,0.5,0.05,0
0.1,0.5,0.05,0
1.22,5.52,6.76,0
0.92,3.13,2.87,1
3.86,12.97,50.04,1
4.02,16.28,65.4,1
1.22,5.23,6.39,1
4.16,16.5,68.65,1
4.22,14.63,61.71,1
2.75,11.66,32.08,1
0.1,0.5,0.05,0
2.71,9.88,26.75,1
0.98,3.18,3.12,1
1.03,4.68,4.82,0
2.65,9.92,26.29,1
2.98,11.7,34.84,1
0.4,1.6,0.65,1
3.56,13.44,47.82,1
4.1,14.82,60.78,1
0.1,1.83,0.18,0
3.42,11.84,40.55,1
2.89,11.33,32.79,1
3.09,12.03,37.15,1
1.37,6.15,8.45,1
3.04,12.67,38.57,0
0.1,0.5,0.05,1
0.24,1.32,0.31,0
3.26,13.79,44.91,0
0.1,0.5,0.05,1
0.82,2.27,1.87,0
0.97,3.38,3.29,1
3.84,13.56,52.09,0
3.34,12.99,43.36,1
0.36,2.23,0.81,1
1.12,4.16,4.66,0
4.05,14.08,56.97,1
0.29,1.91,0.55,0
0.13,0.5,0.06,0
3.2,10.91,34.88,1
0.3,1.0,0.3,1
0.1,0.58,0.06,1
3.17,12.4,39.34,1
2.66,10.05,26.72,1
3.87,16.12,62.42,1
4.56,17.37,79.13,1
3.28,13.28,43.53,1
3.99,15.8,63.06,1
3.91,13.82,54.01,1
2.36,8.82,20.77,1
0.36,3.05,1.09,1
4.69,17.4,81.52,1
1.37,4.66,6.38,1
3.05,11.74,35.83,1
0.1,0.5,0.05,0
3.33,12.02,40.0,1
3.52,12.98,45.66,0
3.31,13.73,45.48,1
3.09,11.65,36.04,1
0.37,0.5,0.18,1
4.1,14.38,58.99,1
3.6,15.45,55.67,1
4.5,16.92,76.17,1
3.52,13.71,48.21,1
3.85,14.03,54.09,1
0.41,1.83,0.76,0
3.1,12.93,40.02,1
2.84,10.27,29.14,1
2.97,11.66,34.67,1
0.84,2.07,1.75,0
3.8,16.04,60.87,1
0.98,3.93,3.85,0
0.87,2.99,2.61,0
3.3,12.29,40.55,1
0.1,0.5,0.05,1
3.43,12.68,43.53,1
0.89,1.42,1.26,0
2.95,11.12,32.76,1
0.55,2.0,1.11,0
1.23,5.06,6.22,0
1.52,5.38,8.2,1
1.52,5.14,7.79,0
4.09,15.53,63.46,1
3.54,12.15,42.98,1
1.11,4.34,4.83,1
3.62,12.26,44.36,0
3.56,14.43,51.4,0
1.47,6.12,8.97,1
4.53,16.46,74.5,1
0.28,1.61,0.46,0
3.68,14.05,51.65,1
0.94,2.76,2.59,0
3.59,12.02,43.12,1
3.24,12.57,40.73,1
2.61,9.29,24.27,0
4.42,17.67,78.07,1
3.47,13.19,45.76,1
2.09,7.39,15.45,1
1.02,5.3,5.39,1
3.51,13.78,48.33,0
4.28,13.32,56.96,1
3.82,14.12,53.94,0
3.72,13.02,48.41,1
2.81,10.04,28.24,1
1.36,5.06,6.9,1
2.86,11.16,31.92,1
4.02,15.5,62.37,1
3.2,13.02,41.66,1
0.92,4.02,3.72,1
3.94,15.44,60.9,0
4.44,17.05,75.79,1
3.24,13.32,43.11,1
0.42,1.35,0.57,0
2.52,9.35,23.56,0
4.56,15.8,72.03,1
1.33,5.91,7.87,0
0.1,0.5,0.05,1
2.44,11.61,28.29,1
2.21,8.08,17.89,1
1.0,3.89,3.9,0
3.07,12.11,37.18,1
2.22,7.56,16.77,1
3.5,13.58,47.48,1
4.09,15.57,63.71,1
2.79,10.37,28.99,1
0.42,2.52,1.05,1
0.4,0.8,0.32,0
3.43,13.25,45.43,1
3.31,13.73,45.4,1
3.59,13.06,46.84,1
3.41,12.72,43.38,1
4.17,17.72,73.91,1
2.87,11.29,32.43,0
2.84,10.37,29.42,1
4.18,16.51,68.93,0
3.66,13.44,49.14,1
3.79,13.13,49.72,1
3.35,13.83,46.34,1
0.56,1.23,0.68,1
3.45,15.06,51.88,1
0.98,3.31,3.23,0
0.66,4.21,2.77,0
0.13,0.5,0.07,1
0.28,1.89,0.53,0
0.84,3.58,3.0,1
3.54,14.13,50.03,0
4.61,18.28,84.19,1
0.88,2.96,2.61,1
1.47,4.54,6.67,1
0.1,0.5,0.05,0
0.69,2.82,1.96,1
0.1,0.5,0.05,1
2.97,11.51,34.22,1
3.1,12.04,37.3,0
0.66,1.78,1.18,1
3.55,13.8,48.94,1
0.1,0.5,0.05,0
0.34,0.74,0.25,0
0.1,1.01,0.1,1
3.49,12.64,44.1,0
2.76,10.11,27.89,1
0.19,0.79,0.15,0
4.17,16.96,70.78,0
4.08,15.65,63.78,1
3.41,13.4,45.76,1
2.7,10.02,27.07,0
1.83,6.88,12.58,1
3.67,13.91,51.05,1
2.35,9.17,21.55,1
2.87,10.66,30.57,1
3.35,13.8,46.19,1
1.61,5.81,9.34,1
0.1,0.5,0.05,1
3.63,15.98,57.97,1
2.91,10.8,31.44,1
0.1,1.43,0.14,0
0.78,4.08,3.18,0
3.49,14.02,48.97,1
4.4,16.56,72.88,1
0.14,0.75,0.1,1
0.71,1.68,1.2,1
1.68,7.97,13.36,1
1.92,6.61,12.68,0
3.49,13.06,45.59,1
0.1,0.5,0.05,0
3.41,12.89,43.99,0
3.08,11.18,34.41,0
3.17,13.15,41.64,1
1.42,6.16,8.75,0
3.33,12.92,43.08,1
0.76,2.58,1.97,1
1.82,7.76,14.1,1
1.22,4.26,5.18,0
3.99,16.42,65.56,1
1.04,4.06,4.24,0
0.53,2.98,1.57,0
0.91,3.35,3.04,0
0.59,2.3,1.36,0
1.35,6.1,8.23,0
0.7,4.41,3.08,1
0.1,1.63,0.16,0
4.02,15.97,64.13,1
4.83,18.82,90.9,0
0.38,1.03,0.39,0
1.3,5.18,6.75,1
0.38,0.73,0.28,0
0.1,0.68,0.07,1
2.85,11.19,31.91,0
3.88,13.17,51.07,1
3.02,11.53,34.86,1
4.45,17.23,76.64,0
3.94,14.92,58.85,1
0.55,2.37,1.3,0
0.71,1.64,1.17,1
3.35,12.1,40.47,1
1.15,5.2,5.98,1
0.1,0.5,0.05,1
3.2,12.42,39.73,1
4.38,16.21,71.0,0
3.23,12.3,39.79,1
0.18,0.5,0.09,0
0.97,4.38,4.26,1
0.79,4.45,3.52,0
5.35,19.5,104.4,0
0.1,0.5,0.05,1
3.56,13.89,49.46,1
0.16,1.78,0.28,0
0.62,2.37,1.48,1
3.06,10.65,32.59,1
0.13,0.5,0.06,1
4.19,15.1,63.3,1
2.57,9.25,23.8,1
0.1,0.5,0.05,0
1.5,4.94,7.39,1
3.8,13.83,52.63,1
1.66,6.38,10.6,0
1.75,6.84,11.99,1
3.43,11.89,40.77,1
0.79,3.32,2.62,0
3.47,12.89,44.79,0
3.84,15.15,58.13,1
0.66,3.13,2.06,1
2.97,10.86,32.31,1
2.7,10.76,29.1,1
1.5,5.01,7.49,1
1.23,5.75,7.09,1
3.52,12.73,44.76,1
0.1,0.66,0.07,0
2.89,10.82,31.24,1
0.67,1.73,1.16,1
3.89,15.52,60.41,1
3.58,13.13,47.05,1
4.19,14.56,61.0,1
3.53,11.1,39.14,1
3.56,12.83,45.65,1
2.88,12.03,34.61,1
0.24,1.92,0.46,0
3.22,11.66,37.56,1
2.76,10.2,28.17,1
0.1,0.5,0.05,0
1.06,2.95,3.13,1
4.6,16.73,77.0,1
3.82,15.32,58.58,1
3.29,12.92,42.57,1
0.97,3.89,3.76,1
0.1,0.5,0.05,1
1.2,4.66,5.61,0
4.09,13.7,56.02,1
4.47,17.66,78.92,0
1.52,5.99,9.12,1
2.99,10.29,30.75,1
0.67,3.83,2.55,0
5.21,18.37,95.75,1
3.53,13.84,48.86,1
2.46,9.79,24.07,0
2.18,7.29,15.91,0
3.11,11.78,36.58,1
2.93,9.83,28.82,1
3.53,11.12,39.19,0
3.11,10.95,34.03,1
4.77,17.63,84.08,0
1.03,4.41,4.52,0
2.87,10.97,31.49,1
1.25,4.81,5.99,0
0.48,1.02,0.49,1
0.84,2.75,2.3,1
0.1,0.5,0.05,0
4.7,16.88,79.31,1
3.33,12.17,40.5,1
0.17,0.72,0.12,0
1.7,6.0,10.19,1
0.1,0.5,0.05,1
4.15,16.33,67.79,1
0.11,0.5,0.05,0
3.43,11.97,41.04,1
2.81,11.12,31.21,1
0.99,3.97,3.92,1
0.1,0.64,0.06,1
4.19,16.42,68.78,1
0.1,0.75,0.07,1
0.22,0.85,0.18,1
2.69,12.14,32.65,1
1.83,5.93,10.84,1
2.89,10.5,30.28,0
1.96,8.21,16.08,1
0.69,2.74,1.89,1
0.1,0.99,0.1,1
4.61,17.65,81.38,0
0.1,1.48,0.15,1
0.22,0.5,0.11,0
1.21,5.66,6.83,1
0.1,1.32,0.13,0
3.38,11.87,40.1,1
1.1,4.69,5.16,1
1.25,4.73,5.93,0
0.12,0.5,0.06,1
1.14,2.82,3.22,1
0.75,2.03,1.52,0
1.38,5.82,8.04,0
3.09,12.39,38.29,1
0.1,0.5,0.05,0
2.99,12.03,35.99,1
3.16,12.78,40.43,1
1.16,4.52,5.24,0
0.57,1.58,0.89,1
0.69,2.96,2.03,0
0.1,0.77,0.08,0
3.87,15.25,59.07,1
0.51,2.63,1.35,0
0.2,0.5,0.1,1
1.55,5.49,8.51,1
1.88,5.64,10.64,1
0.2,1.37,0.28,1
3.08,11.54,35.58,1
2.56,10.09,25.85,0
0.26,0.5,0.13,0
0.11,1.54,0.17,1
1.85,6.08,11.24,1
1.51,6.35,9.57,0
3.2,12.24,39.13,1
0.94,3.41,3.2,1
3.54,13.25,46.98,1
1.01,3.32,3.35,0
0.66,3.56,2.36,0
4.26,16.18,68.87,1
1.24,3.71,4.61,1
0.69,2.3,1.58,0
3.07,11.77,36.12,1
0.27,1.74,0.47,0
0.37,0.92,0.34,1
3.75,13.83,51.92,1
2.15,8.18,17.56,1
3.43,13.74,47.16,1
0.99,2.67,2.64,0
3.44,13.49,46.48,1
4.0,14.82,59.24,1
3.35,12.46,41.73,0
1.97,9.07,17.83,1
0.99,3.6,3.56,0
0.1,0.98,0.1,1
0.89,3.97,3.55,1
4.9,17.66,86.49,1
0.1,0.5,0.05,0
0.79,3.67,2.91,0
4.43,15.97,70.76,1
0.79,1.68,1.33,1
3.32,13.42,44.51,1
3.38,12.01,40.56,1
1.06,3.41,3.61,0
0.71,4.29,3.05,0
1.32,3.68,4.84,1
0.27,0.5,0.14,1
3.27,12.05,39.35,1
0.69,2.41,1.65,0
0.7,1.93,1.34,1
3.17,11.13,35.3,1
0.8,4.25,3.4,1
1.08,4.31,4.65,0
1.56,6.38,9.93,0
2.55,9.57,24.37,1
1.25,5.0,6.27,0
2.87,11.67,33.54,1
3.03,10.7,32.37,1
0.16,0.82,0.13,0
4.27,16.77,71.59,1
3.11,13.04,40.48,1
0.1,1.94,0.19,0
2.76,10.56,29.18,1
0.51,2.84,1.45,1
0.1,0.5,0.05,0
4.82,19.58,94.46,1
4.21,15.41,64.86,1
0.68,2.38,1.61,1
3.92,15.25,59.79,1
2.33,8.71,20.26,1
0.92,3.66,3.38,1
1.46,6.82,9.95,0
4.37,16.3,71.22,1
0.1,0.5,0.05,0
0.83,4.62,3.86,1
0.44,2.08,0.91,0
3.67,15.49,56.89,1
1.48,6.32,9.37,1
3.52,12.32,43.38,1
0.1,0.9,0.09,0
2.86,10.07,28.8,0
2.55,9.71,24.8,1
0.81,3.01,2.44,1
0.96,2.37,2.29,0
3.08,11.04,33.96,1
2.55,11.45,29.16,1
3.49,13.44,46.84,1
0.82,2.99,2.47,1
0.84,4.65,3.91,1
3.81,14.16,53.91,1
3.36,12.68,42.56,1
4.65,18.46,85.81,1
0.24,0.6,0.15,1
0.27,0.5,0.13,1
3.4,11.13,37.86,1
0.47,1.04,0.49,1
3.15,11.22,35.38,1
1.18,4.6,5.41,1
1.0,3.3,3.3,0
3.96,16.78,66.47,1
0.14,0.5,0.07,1
3.17,13.17,41.73,1
0.36,1.54,0.55,0
3.42,13.66,46.77,1
0.4,2.1,0.83,1
0.63,0.6,0.38,1
3.14,11.91,37.36,1
0.82,2.89,2.36,1
3.66,12.99,47.53,0
4.29,16.66,71.4,1
3.39,14.25,48.26,1
0.81,0.92,0.74,0
1.41,4.93,6.95,0
3.28,11.46,37.6,1
3.1,11.84,36.7,1
0.74,2.55,1.89,1
3.35,12.25,41.07,1
0.9,3.98,3.6,1
2.99,12.69,37.98,1
5.14,21.65,111.23,1
1.18,3.88,4.56,1
0.3,0.5,0.15,0
4.23,16.52,69.83,1
1.45,6.79,9.82,1
0.66,3.15,2.07,1
1.0,5.1,5.13,0
1.08,3.91,4.2,0
0.74,2.32,1.71,0
0.78,3.04,2.35,1
1.52,5.5,8.34,1
0.1,0.91,0.09,0
1.15,5.14,5.9,1
3.73,15.0,55.87,0
0.11,0.84,0.09,1
0.1,0.58,0.06,0
3.77,14.94,56.27,1
2.85,9.26,26.38,1
0.1,0.55,0.05,1
0.1,0.5,0.05,0
3.65,14.03,51.2,1
2.08,7.84,16.3,0
3.19,12.47,39.8,1
3.04,11.1,33.75,1
2.21,9.29,20.52,1
3.78,14.74,55.72,1
0.73,2.91,2.14,0
3.33,12.09,40.24,1
3.91,15.52,60.74,1
0.1,0.55,0.05,0
3.91,14.23,55.59,1
2.76,10.46,28.9,1
3.25,12.84,41.66,1
0.29,1.55,0.45,1
0.46,2.12,0.97,1
4.15,15.86,65.89,1
1.04,4.77,4.95,1
0.29,2.08,0.59,0
3.34,13.28,44.35,0
1.89,6.72,12.7,0
0.22,0.5,0.11,1
1.12,3.84,4.31,1
3.74,15.77,58.95,1
3.52,13.59,47.77,1
1.24,6.41,7.94,1
2.48,9.34,23.18,1
0.45,1.51,0.69,0
3.97,15.04,59.78,1
1.9,7.15,13.59,0
4.24,15.49,65.68,1
4.41,15.86,70.01,1
3.34,13.09,43.73,1
3.37,13.66,46.08,0
3.07,13.64,41.93,0
0.1,0.5,0.05,0
4.2,15.68,65.82,1
0.21,0.5,0.1,0
0.93,4.42,4.09,1
3.89,15.43,60.04,0
0.99,3.05,3.01,0
3.66,13.18,48.21,1
3.09,12.5,38.63,1
4.08,15.81,64.51,1
0.77,3.54,2.74,1
2.82,10.01,28.26,1
4.65,16.17,75.16,1
3.69,13.32,49.13,0
0.65,3.02,1.96,1
0.1,2.07,0.21,0
3.25,12.0,39.0,1
2.89,12.8,36.99,1
2.76,11.16,30.84,1
4.25,15.02,63.81,1
0.23,1.05,0.24,0
1.31,5.65,7.37,0
1.06,2.09,2.21,0
0.81,3.6,2.93,0
3.06,12.58,38.55,1
3.66,14.21,51.97,0
0.1,0.5,0.05,1
0.1,0.5,0.05,1
3.66,13.71,50.11,1
3.43,12.08,41.42,1
5.03,18.56,93.34,1
4.2,15.63,65.63,1
2.35,9.03,21.26,1
3.86,14.21,54.77,1
4.05,14.69,59.48,1
4.03,15.94,64.32,1
0.96,3.94,3.77,0
0.55,1.65,0.91,1
0.1,0.79,0.08,0
0.57,1.81,1.04,0
3.71,14.14,52.44,1
3.59,14.44,51.88,1
5.02,18.58,93.16,0
0.8,2.11,1.69,1
4.71,17.77,83.61,1
3.69,12.93,47.72,1
3.06,11.41,34.91,1
3.73,13.96,52.09,0
0.1,0.5,0.05,0
3.81,14.89,56.7,1
3.68,13.84,50.93,1
4.88,19.51,95.27,0
3.62,13.92,50.33,0
3.08,12.3,37.89,1
0.44,2.63,1.16,0
1.39,5.18,7.19,1
1.13,4.29,4.85,1
2.78,9.31,25.89,1
0.54,3.04,1.64,1
0.82,2.98,2.43,0
0.25,0.5,0.12,0
0.1,0.97,0.1,1
0.34,0.5,0.17,1
3.87,14.38,55.72,1
0.73,3.51,2.57,0
2.45,8.97,22.02,1
3.94,14.39,56.63,1
1.24,4.36,5.39,1
3.01,9.82,29.51,1
4.29,16.86,72.29,1
2.81,10.57,29.65,1
4.76,17.88,85.13,1
1.25,4.53,5.66,0
0.39,1.5,0.59,0
2.4,9.65,23.18,1
3.12,11.83,36.97,1
3.12,10.76,33.56,1
1.08,4.56,4.92,0
0.31,1.56,0.48,0
3.83,14.72,56.41,1
4.42,17.65,77.97,1
0.55,2.11,1.16,1
0.2,1.65,0.33,0
0.76,4.02,3.06,0
3.83,15.01,57.45,1
0.5,1.31,0.65,1
3.37,12.71,42.83,0
3.57,14.56,52.02,1
0.54,0.85,0.46,1
3.15,11.66,36.75,1
3.92,14.63,57.38,1
4.51,16.44,74.14,1
1.29,5.59,7.19,0
0.94,3.88,3.66,0
4.0,14.65,58.64,1
3.87,15.2,58.86,1
4.16,15.68,65.2,1
0.46,1.02,0.46,1
0.1,0.5,0.05,0
0.72,3.08,2.21,1
2.2,9.12,20.09,1
0.1,0.5,0.05,0
1.0,4.23,4.23,0
5.24,21.19,111.08,0
0.1,0.5,0.05,1
5.13,19.78,101.5,1
4.16,16.48,68.56,1
3.73,14.08,52.48,0
1.68,7.38,12.4,1
1.2,6.32,7.59,1
3.37,13.09,44.13,0
2.54,9.48,24.11,1
3.01,12.22,36.79,1
1.15,5.03,5.77,0
2.89,8.95,25.84,1
3.87,14.71,56.98,1
3.38,12.54,42.43,0
1.97,7.79,15.3,1
0.1,0.5,0.05,0
0.94,3.52,3.33,1
3.83,13.86,53.07,1
3.46,13.73,47.51,1
2.88,12.27,35.32,0
3.01,10.77,32.47,1
1.46,4.43,6.47,0
3.33,12.68,42.25,1
2.83,10.74,30.43,1
4.37,17.53,76.53,1
0.47,0.82,0.39,0
0.1,0.5,0.05,0
3.55,11.79,41.88,1
2.94,12.26,36.01,1
3.65,14.08,51.44,1
0.58,1.83,1.06,1
4.67,16.69,77.97,1
0.44,0.7,0.31,0
1.3,5.29,6.9,1
0.1,0.5,0.05,0
0.1,0.5,0.05,0
3.79,16.05,60.86,0
0.82,2.82,2.31,1
0.57,1.41,0.8,0
3.61,14.04,50.72,1
0.99,2.78,2.75,0
1.18,5.86,6.91,1
3.36,13.89,46.66,1
0.79,2.86,2.25,1
2.95,10.5,30.98,1
1.02,3.53,3.6,1
4.15,15.52,64.31,1
0.33,1.56,0.52,1
3.05,12.43,37.94,1
2.71,9.47,25.68,1
2.31,9.59,22.15,0
3.31,13.06,43.2,1
1.24,4.32,5.36,1
1.1,3.32,3.65,0
0.1,0.5,0.05,0
3.39,12.05,40.92,1
3.28,13.27,43.51,0
0.1,0.5,0.05,0
3.8,14.89,56.63,0
1.43,5.39,7.73,1
4.26,15.72,66.91,1
1.34,5.01,6.72,1
2.75,11.3,31.04,1
0.1,0.5,0.05,0
2.71,9.99,27.11,1
1.83,6.34,11.58,0
3.02,11.44,34.51,0
3.9,14.26,55.54,1
4.21,14.56,61.25,0
0.53,1.19,0.64,1
0.65,3.78,2.45,1
3.2,12.37,39.65,1
1.72,6.69,11.49,1
3.68,13.77,50.73,1
0.31,1.14,0.35,0
1.98,7.18,14.21,1
1.56,6.35,9.89,0
3.16,12.07,38.09,1
0.64,1.51,0.97,1
0.1,0.58,0.06,0
3.35,10.75,35.98,1
3.9,15.14,59.02,1
0.12,0.5,0.06,1
0.75,2.77,2.08,1
3.86,13.72,52.98,0
0.1,0.5,0.05,1
4.27,16.67,71.14,0
3.54,14.64,51.78,1
2.7,9.02,24.35,1
4.51,17.91,80.78,1
0.1,0.5,0.05,0
4.85,18.06,87.52,1
2.99,11.95,35.68,1
1.16,4.21,4.88,1
0.14,1.12,0.16,0
3.13,11.08,34.63,1
3.24,11.81,38.28,1
3.12,12.59,39.24,1
3.77,15.53,58.63,1
2.77,10.5,29.11,1
0.95,1.39,1.32,1
3.61,13.57,49.01,0
4.62,17.57,81.1,1
1.79,6.61,11.83,1
3.43,13.29,45.53,0
2.13,7.7,16.37,0
2.95,11.88,35.07,0
0.1,0.5,0.05,0
1.19,5.51,6.55,1
0.28,2.31,0.65,1
0.1,0.5,0.05,0
6.15,22.63,139.11,0
2.59,10.18,26.39,1
1.57,5.03,7.92,0
0.93,3.13,2.9,0
0.1,1.26,0.13,1
3.04,12.15,36.98,1
0.33,2.84,0.93,1
1.79,6.95,12.44,1
0.96,3.16,3.04,0
3.0,11.42,34.21,1
0.29,0.96,0.27,0
0.47,1.69,0.8,1
0.54,2.02,1.08,1
1.03,3.17,3.27,0
2.57,9.97,25.58,1
3.15,10.86,34.24,0
1.19,3.96,4.73,0
0.11,0.5,0.05,0
3.64,12.04,43.86,1
0.76,3.5,2.66,1
0.85,1.57,1.33,0
0.1,0.92,0.09,0
1.04,2.94,3.07,1
3.17,11.7,37.04,1
0.54,2.46,1.33,0
1.07,5.82,6.23,1
0.1,0.5,0.05,1
2.77,8.92,24.68,1
3.41,13.73,46.86,1
2.96,11.06,32.7,1
3.8,14.5,55.13,1
0.1,0.83,0.08,0
3.24,10.54,34.15,1
2.67,10.14,27.03,1
3.31,12.27,40.67,1
2.7,11.26,30.44,1
4.52,17.77,80.38,1
0.23,0.5,0.11,0
2.96,12.25,36.24,1
0.66,2.85,1.87,0
0.1,0.5,0.05,0
0.46,1.81,0.84,0
4.87,19.34,94.18,1
3.26,11.4,37.1,1
0.1,1.48,0.15,1
0.16,0.5,0.08,0
2.64,9.41,24.87,1
0.98,2.97,2.91,0
1.33,6.15,8.17,0
4.16,15.41,64.11,1
0.9,2.5,2.25,1
0.1,0.74,0.07,0
0.75,3.39,2.54,0
1.07,4.59,4.9,1
1.08,3.9,4.23,1
0.73,2.99,2.2,0
3.35,12.21,40.9,1
0.5,3.24,1.62,0
3.5,14.23,49.86,1
1.82,7.76,14.09,1
1.69,7.07,11.97,0
4.23,16.47,69.61,1
0.18,0.5,0.09,1
0.61,2.82,1.71,0
1.68,6.46,10.82,0
0.22,1.86,0.41,1
0.1,1.03,0.1,1
0.33,1.71,0.57,1
0.41,0.5,0.2,1
1.25,4.69,5.88,1
3.73,13.73,51.24,1
3.07,11.86,36.4,1
3.6,13.34,48.02,1
1.6,5.87,9.41,1
0.1,0.75,0.07,1
4.27,15.89,67.9,0
0.72,2.82,2.03,0
4.15,14.55,60.38,1
2.34,8.24,19.33,0
1.26,5.32,6.72,1
3.14,10.96,34.47,0
2.98,12.33,36.75,1
1.23,5.45,6.7,1
0.83,2.95,2.46,0
3.69,16.43,60.63,1
4.48,18.02,80.7,1
3.04,10.78,32.72,1
3.67,14.54,53.37,1
0.91,3.53,3.23,0
3.82,13.9,53.14,1
1.17,3.61,4.23,1
0.64,3.21,2.04,1
3.19,11.65,37.2,1
1.57,5.87,9.21,1
1.84,6.25,11.49,0
3.27,11.84,38.78,1
3.55,13.4,47.63,1
0.18,1.0,0.18,1
1.37,3.15,4.33,0
0.1,0.5,0.05,0
3.14,11.33,35.56,1
0.71,3.82,2.71,0
2.91,13.41,39.02,1
0.93,3.24,3.0,1
0.97,2.3,2.22,1
1.08,4.22,4.57,1
0.99,3.6,3.57,0
1.59,7.6,12.05,1
0.43,2.98,1.29,0
3.0,12.11,36.39,1
5.24,19.44,101.84,1
1.56,6.48,10.12,1
3.54,13.68,48.48,1
3.59,13.85,49.8,1
0.28,0.5,0.14,0
2.81,11.53,32.39,1
3.73,14.27,53.24,1
1.97,7.42,14.64,1
0.1,0.5,0.05,0
2.07,7.23,14.95,0
3.28,12.71,41.68,1
4.31,14.99,64.61,1
0.1,1.01,0.1,0
0.88,2.5,2.2,0
2.61,8.29,21.66,0
3.42,14.46,49.46,1
3.15,11.27,35.47,1
0.49,1.29,0.63,1
1.42,6.29,8.9,1
1.88,8.61,16.16,0
1.16,3.18,3.69,1
4.51,16.38,73.91,0
3.13,11.17,34.92,1
1.05,4.74,4.98,1
0.1,1.69,0.17,1
3.76,13.42,50.45,1
3.4,14.04,47.67,0
2.74,9.85,27.0,1
1.17,4.72,5.53,1
0.1,0.5,0.05,0
4.32,16.33,70.56,1
0.32,1.12,0.35,0
3.19,11.86,37.82,1
4.58,17.7,81.06,1
2.76,9.69,26.76,0
0.47,1.08,0.5,1
1.06,4.38,4.64,1
2.49,10.55,26.33,1
1.25,4.72,5.88,1
0.48,2.24,1.09,0
1.2,5.16,6.18,1
0.85,3.88,3.28,1
0.85,2.46,2.09,1
1.78,6.13,10.9,1
3.96,14.51,57.54,1
3.42,14.55,49.83,1
0.1,0.79,0.08,0
3.15,12.35,38.9,1
4.31,16.67,71.83,1
1.86,6.01,11.16,1
0.57,3.7,2.1,1
5.18,20.05,103.82,0
3.4,13.48,45.77,1
0.33,0.5,0.17,0
3.66,14.53,53.15,1
1.04,3.65,3.78,1
2.87,9.84,28.21,1
1.06,3.28,3.48,1
2.79,9.6,26.81,1
0.1,0.5,0.05,1
0.1,0.5,0.05,0
1.57,5.66,8.88,1
2.85,11.08,31.55,1
0.1,1.72,0.17,0
3.23,12.17,39.33,1
3.05,9.8,29.91,1
3.39,12.7,43.08,1
3.62,14.7,53.21,0
0.3,1.07,0.32,0
1.85,8.24,15.23,0
1.88,7.51,14.12,0
3.22,10.78,34.73,0
2.86,10.95,31.3,0
0.96,3.89,3.73,0
3.18,12.94,41.14,1
3.41,14.4,49.03,1
0.1,1.11,0.11,1
3.83,14.89,56.97,1
2.01,8.17,16.42,1
2.53,9.49,24.05,1
1.56,4.74,7.39,1
0.42,1.64,0.69,1
3.28,12.77,41.96,1
6.09,22.19,135.2,0
0.38,2.52,0.97,0
2.76,11.28,31.08,1
0.1,0.5,0.05,0
1.7,7.57,12.89,1
0.25,0.7,0.18,0
0.1,0.5,0.05,1
1.07,4.92,5.26,1
1.64,6.19,10.14,0
4.01,16.75,67.11,0
0.87,2.62,2.28,0
0.1,0.5,0.05,1
1.12,4.04,4.53,1
4.47,17.62,78.78,0
3.38,12.09,40.84,1
0.42,0.55,0.23,1
0.1,0.56,0.06,0
2.49,8.28,20.57,1
1.98,7.77,15.39,0
2.44,9.0,21.96,1
2.25,8.95,20.14,1
0.1,0.5,0.05,0
1.27,5.86,7.42,0
0.15,0.5,0.07,1
3.09,12.36,38.22,1
3.4,13.69,46.57,1
0.16,0.5,0.08,0
0.24,1.61,0.38,0
0.82,1.99,1.64,1
0.62,1.27,0.79,1
0.1,1.95,0.2,0
1.84,7.88,14.51,0
3.77,15.99,60.34,1
4.27,15.94,68.12,0
2.79,10.69,29.86,1
1.73,7.0,12.12,1
0.32,1.2,0.38,0
1.6,5.49,8.8,1
5.14,18.83,96.9,1
1.08,4.28,4.63,1
0.8,2.19,1.76,1
3.69,13.14,48.49,1
4.25,16.46,69.9,1
2.39,8.99,21.46,1
2.82,11.47,32.36,1
3.88,14.39,55.8,1
1.41,4.88,6.86,0
3.78,14.7,55.58,1
6.55,24.25,158.84,1
3.4,12.38,42.08,1
0.35,0.85,0.3,0
0.47,1.63,0.77,1
2.33,10.28,23.97,1
2.07,6.75,13.95,1
4.42,17.84,78.92,1
3.97,15.67,62.16,1
3.35,14.0,46.93,1
1.07,6.57,7.01,0
1.0,4.93,4.91,1
4.6,18.23,83.86,0
0.32,0.5,0.16,0
0.98,2.76,2.7,1
6.79,26.09,177.21,1
3.64,12.47,45.37,1
3.29,12.99,42.71,1
0.11,0.5,0.05,0
1.12,5.17,5.78,1
3.64,13.57,49.39,1
0.1,0.5,0.05,1
3.66,13.29,48.58,1
4.12,14.12,58.13,1
4.02,16.25,65.3,1
3.82,15.59,59.6,1
0.49,1.56,0.76,1
0.1,0.91,0.09,1
3.45,12.78,44.03,1
4.84,18.64,90.28,0
0.35,1.95,0.69,1
2.86,11.33,32.46,1
3.24,13.39,43.38,1
3.11,12.23,38.04,1
0.1,0.5,0.05,0
2.97,10.66,31.62,1
0.1,0.5,0.05,0
0.69,3.26,2.25,0
0.68,1.39,0.94,0
0.1,1.26,0.13,1
1.48,5.41,8.01,1
3.05,10.95,33.44,1
0.77,2.06,1.6,1
0.1,0.92,0.09,0
0.15,0.55,0.08,0
0.1,1.65,0.17,0
1.29,3.89,5.01,1
0.1,0.5,0.05,0
0.56,2.06,1.16,1
3.83,13.95,53.41,1
2.91,11.07,32.23,1
1.52,6.05,9.22,0
3.56,13.93,49.64,1
0.1,1.58,0.16,1
3.9,13.78,53.72,1
0.96,3.91,3.75,0
0.51,1.4,0.71,0
1.12,4.62,5.19,1
2.88,11.27,32.42,1
0.1,0.5,0.05,1
0.1,0.5,0.05,1
3.49,13.66,47.66,1
2.7,10.28,27.76,1
3.67,13.76,50.49,1
4.24,16.63,70.44,1
0.1,0.97,0.1,1
0.37,0.97,0.36,1
3.66,13.22,48.36,1
1.77,5.71,10.09,0
3.89,14.8,57.52,1
3.75,13.1,49.1,1
2.8,10.74,30.11,1
3.43,14.0,47.97,1
3.92,14.61,57.23,1
3.0,10.95,32.81,1
3.87,16.32,63.24,0
3.14,13.15,41.31,1
0.63,1.77,1.11,1
0.1,0.5,0.05,0
0.4,1.78,0.71,0
1.04,4.1,4.25,0
3.94,16.42,64.71,1
0.57,2.22,1.25,1
0.5,2.07,1.03,1
3.02,12.02,36.29,1
0.73,3.73,2.72,1
4.19,16.67,69.81,0
3.22,12.67,40.81,1
0.13,0.5,0.07,1
0.1,0.5,0.05,0
0.24,1.56,0.37,0
0.52,2.17,1.13,0
4.11,16.29,66.99,1
3.43,14.53,49.76,1
0.54,1.13,0.61,0
0.42,2.5,1.04,1
0.1,0.5,0.05,0
1.07,4.8,5.12,1
1.04,3.93,4.1,0
0.51,3.66,1.88,1
0.1,0.5,0.05,1
0.16,0.5,0.08,1
1.56,6.26,9.75,0
3.56,13.78,49.01,1
4.1,16.48,67.52,1
3.5,13.64,47.7,1
0.43,3.62,1.57,0
2.26,8.52,19.29,1
0.1,0.5,0.05,0
1.03,3.42,3.51,1
0.91,3.52,3.2,0
3.18,12.28,39.09,1
0.69,2.84,1.96,1
3.99,15.21,60.65,1
3.66,13.42,49.11,1
0.67,1.82,1.21,1
3.26,12.08,39.35,1
3.4,13.82,46.92,1
2.87,12.01,34.53,1
3.03,11.45,34.68,0
0.35,0.58,0.2,1
0.1,0.5,0.05,1
3.79,16.06,60.82,1
2.99,12.18,36.46,0
1.27,5.26,6.68,1
3.12,12.61,39.32,1
0.1,1.61,0.16,0
3.67,13.01,47.69,1
1.48,5.33,7.91,1
0.38,1.03,0.39,0
3.47,13.66,47.42,1
3.12,11.98,37.39,1
0.14,1.13,0.15,0
0.68,2.16,1.46,0
4.22,17.13,72.31,1
0.18,0.63,0.11,1
1.09,4.71,5.15,1
0.49,2.8,1.36,0
2.94,12.06,35.45,1
0.1,0.67,0.07,0
3.89,15.42,59.92,1
1.15,5.76,6.63,0
0.1,0.79,0.08,1
3.83,13.96,53.42,1
0.65,2.92,1.89,1
0.1,0.5,0.05,1
3.62,11.86,42.88,1
0.1,0.75,0.07,1
3.8,14.53,55.19,1
0.1,1.31,0.13,1
3.07,11.05,33.89,1
0.1,0.5,0.05,1
4.74,18.15,86.03,1
3.88,15.06,58.49,1
4.04,15.43,62.36,1
4.1,15.59,63.92,1
1.57,5.12,8.05,1
1.82,6.82,12.45,0
0.49,1.59,0.78,0
0.1,1.24,0.12,1
0.71,3.02,2.15,1
2.7,10.05,27.17,1
0.53,3.4,1.8,0
4.28,16.03,68.53,1
0.96,4.1,3.94,1
4.37,16.46,71.89,1
3.63,15.11,54.93,1
3.74,14.29,53.47,1
0.32,1.3,0.41,0
2.85,10.71,30.5,1
4.34,16.66,72.37,1
1.82,7.89,14.38,0
0.71,3.38,2.4,0
3.79,14.42,54.6,1
0.1,1.74,0.17,1
0.53,2.72,1.45,1
0.59,1.89,1.11,0
3.14,10.82,33.97,1
4.09,15.21,62.2,1
0.14,0.86,0.12,0
1.4,5.81,8.15,1
1.96,8.54,16.74,1
0.89,2.52,2.25,1
0.1,0.5,0.05,1
0.72,1.78,1.28,0
4.12,14.57,59.96,1
0.1,0.5,0.05,1
3.4,13.23,45.03,1
3.19,12.74,40.63,0
3.39,12.14,41.2,1
3.34,12.04,40.23,1
0.8,1.62,1.3,0
3.08,11.86,36.51,1
0.73,2.2,1.61,0
4.4,18.04,79.33,0
1.11,4.56,5.07,0
0.55,1.95,1.07,1
0.3,0.63,0.19,0
0.36,0.5,0.18,0
4.44,15.76,69.91,1
4.8,17.75,85.26,1
3.06,11.08,33.94,1
0.42,0.8,0.33,0
0.1,0.68,0.07,1
0.1,0.79,0.08,1
3.53,13.04,46.0,1
0.83,4.69,3.89,1
3.82,13.1,50.01,1
0.73,2.81,2.05,1
3.4,12.74,43.33,1
3.47,12.75,44.28,1
3.96,14.49,57.41,1
4.31,16.38,70.61,1
2.91,10.89,31.7,1
0.1,0.5,0.05,0
0.1,0.5,0.05,0
0.4,0.5,0.2,0
0.13,0.5,0.07,0
1.57,5.65,8.88,1
4.07,15.29,62.2,1
3.04,11.45,34.76,1
0.18,0.5,0.09,0
3.32,12.46,41.4,1
3.59,12.98,46.64,1
0.8,4.27,3.42,0
1.08,3.48,3.77,0
0.72,2.42,1.73,1
0.31,0.61,0.19,0
1.41,4.75,6.67,1
3.98,15.13,60.2,1
3.72,14.05,52.24,1
1.18,4.13,4.88,1
0.75,2.62,1.96,1
3.1,11.19,34.65,1
0.49,2.18,1.07,1
3.53,15.05,53.06,1
3.18,11.39,36.22,1
0.1,0.7,0.07,0
0.1,0.5,0.05,1
3.47,13.71,47.54,1
0.82,3.69,3.03,0
3.52,13.55,47.71,0
0.1,0.5,0.05,0
3.91,14.49,56.6,0
0.82,2.5,2.05,1
3.65,13.79,50.34,0
1.44,4.44,6.39,1
0.59,1.75,1.03,0
0.1,1.27,0.13,0
1.25,4.81,6.0,1
4.1,16.29,66.74,1
2.91,12.23,35.57,1
0.23,0.73,0.17,0
3.23,12.45,40.25,0
3.85,14.37,55.29,1
0.1,0.5,0.05,0
0.36,0.59,0.21,1
0.1,1.05,0.11,1
3.32,12.8,42.52,1
3.12,13.32,41.49,0
3.7,14.85,54.98,1
0.45,1.12,0.5,0
0.75,3.51,2.62,0
1.46,5.3,7.75,0
1.53,6.79,10.38,1
0.45,1.31,0.59,1
0.84,2.36,1.99,1
3.73,13.55,50.55,1
2.91,10.48,30.55,1
3.93,14.24,55.91,1
2.07,7.4,15.31,0
0.88,4.02,3.53,0
0.1,1.82,0.18,1
1.7,5.41,9.23,0
0.1,1.39,0.14,0
0.18,0.5,0.09,1
3.3,12.83,42.35,0
2.81,9.37,26.37,1
0.1,0.8,0.08,1
2.37,7.41,17.56,1
0.18,0.92,0.16,1
0.1,0.59,0.06,0
0.25,1.11,0.28,0
2.43,8.66,21.09,1
4.15,16.22,67.36,1
3.81,14.78,56.31,0
0.37,1.23,0.46,0
0.1,0.92,0.09,0
4.38,16.57,72.61,0
1.34,5.51,7.39,1
4.16,15.72,65.45,1
0.67,2.72,1.83,0
0.1,0.84,0.08,1
0.1,0.5,0.05,0
3.18,11.09,35.27,1
0.19,0.93,0.18,1
3.23,13.22,42.67,1
3.78,14.6,55.17,1
2.73,10.62,28.95,1
3.53,13.38,47.21,1
0.77,3.54,2.74,1
3.51,13.17,46.18,1
4.69,17.47,81.96,1
3.37,13.67,46.03,1
4.03,14.88,59.94,0
0.53,2.72,1.44,0
3.14,12.8,40.16,1
0.69,3.07,2.11,0
0.58,1.22,0.71,0
2.82,10.74,30.31,1
3.79,14.25,54.03,1
3.65,13.46,49.08,1
0.63,2.52,1.59,1
3.28,13.06,42.78,0
5.02,18.69,93.75,1
0.1,0.5,0.05,0
1.15,4.16,4.77,0
0.23,1.79,0.41,1
1.72,6.35,10.95,1
3.52,12.41,43.73,0
0.22,0.5,0.11,0
0.6,2.56,1.53,1
0.1,0.5,0.05,0
3.61,14.27,51.56,1
4.09,14.49,59.35,1
0.27,0.6,0.16,0
0.8,1.98,1.58,0
0.21,1.14,0.24,0
1.13,4.82,5.46,1
1.62,6.44,10.45,1
0.26,0.5,0.13,1
0.1,0.5,0.05,0
1.14,4.51,5.12,1
3.16,10.67,33.75,1
3.0,11.2,33.55,1
0.75,4.08,3.07,1
4.2,15.8,66.29,1
1.28,3.66,4.67,1
0.12,0.5,0.06,1
3.59,13.13,47.09,1
0.69,4.33,2.98,0
0.47,3.1,1.44,0
3.17,12.64,40.09,1
0.26,0.72,0.19,0
0.13,1.44,0.18,0
3.57,12.68,45.31,1
3.51,14.2,49.83,1
0.1,1.12,0.11,0
0.1,0.5,0.05,1
3.72,15.05,55.96,1
0.39,1.13,0.44,0
0.1,0.5,0.05,1
3.31,13.35,44.17,1
0.65,2.38,1.54,0
1.67,6.81,11.34,0
0.22,2.3,0.51,1
0.26,0.5,0.13,1
1.47,5.46,8.0,0
0.1,1.64,0.16,0
2.93,11.69,34.3,1
0.88,2.77,2.43,0
2.68,9.43,25.32,1
1.84,6.56,12.06,0
3.47,12.59,43.7,1
1.04,4.14,4.29,0
1.42,5.47,7.8,0
3.51,13.56,47.58,1
3.72,13.47,50.15,1
4.14,15.66,64.8,1
2.64,8.38,22.13,1
0.51,2.07,1.07,1
0.77,3.87,2.98,1
0.1,0.5,0.05,0
2.66,10.5,27.93,1
0.66,2.02,1.33,1
2.73,11.03,30.17,1
0.6,2.39,1.42,1
2.99,11.68,34.91,1
0.1,0.5,0.05,1
1.51,6.81,10.3,0
0.72,3.02,2.18,0
0.83,2.59,2.15,0
3.61,13.8,49.84,1
0.17,0.5,0.09,0
4.94,18.92,93.52,1
5.56,20.78,115.5,1
4.08,14.95,60.91,1
2.79,10.77,30.06,0
3.69,14.05,51.77,0
3.96,15.89,62.86,1
0.1,0.5,0.05,1
0.86,1.67,1.44,0
3.28,12.19,40.02,1
0.1,0.5,0.05,1
0.67,2.88,1.93,1
0.41,0.5,0.21,1
1.0,3.02,3.04,1
0.25,0.68,0.17,1
0.52,3.22,1.69,1
0.81,2.2,1.77,0
3.22,12.25,39.47,1
0.1,0.84,0.08,1
0.1,1.57,0.16,0
0.46,2.35,1.07,1
0.34,2.18,0.75,1
1.91,7.96,15.24,0
3.03,10.56,32.03,1
1.65,6.56,10.84,0
4.22,16.71,70.52,1
0.98,2.96,2.9,0
3.31,12.11,40.09,1
1.14,3.67,4.17,0
3.04,12.16,36.95,1
0.39,1.42,0.55,0
2.9,10.78,31.29,1
3.01,10.42,31.38,1
3.64,13.78,50.15,0
0.1,0.5,0.05,0
1.31,5.18,6.79,0
3.34,11.79,39.42,1
1.08,4.26,4.61,1
0.81,2.74,2.22,1
2.72,9.33,25.38,0
3.48,12.18,42.43,1
0.1,0.5,0.05,0
1.35,4.95,6.66,1
3.98,15.23,60.62,1
0.68,2.8,1.9,1
0.56,2.39,1.35,1
3.79,13.81,52.42,0
4.72,18.79,88.69,1
4.0,14.84,59.33,0
4.92,19.05,93.66,1
1.92,7.17,13.76,1
4.23,16.38,69.3,1
0.65,2.31,1.51,1
0.94,3.91,3.69,0
4.19,15.92,66.75,1
0.75,3.5,2.62,1
3.71,13.43,49.78,1
0.6,0.85,0.51,1
0.1,0.5,0.05,1
3.04,12.42,37.77,1
4.02,15.15,60.9,1
2.94,11.23,32.96,0
1.14,3.5,4.01,1
2.89,11.05,31.96,1
1.59,5.21,8.26,1
4.05,14.69,59.51,1
0.5,1.56,0.77,0
4.65,18.04,83.96,1
1.02,4.32,4.41,0
1.26,5.27,6.66,0
0.88,2.06,1.81,1
3.39,12.89,43.71,1
3.56,13.38,47.66,0
0.87,2.09,1.82,1
3.47,13.22,45.92,1
0.67,2.33,1.55,0
4.27,16.62,70.88,0
1.6,6.15,9.85,0
3.91,14.43,56.48,1
1.86,7.79,14.45,1
3.01,9.66,29.05,1
0.89,3.33,2.97,1
1.62,4.74,7.68,1
0.12,0.5,0.06,1
3.54,13.86,48.99,1
0.11,0.5,0.06,1
3.64,12.71,46.33,1
3.9,16.71,65.13,1
1.01,2.76,2.8,0
0.26,2.3,0.6,0
0.16,0.5,0.08,0
1.92,6.88,13.23,1
3.88,15.19,58.91,1
0.55,3.15,1.73,0
2.91,10.13,29.47,1
0.8,2.64,2.12,1
1.07,4.73,5.04,0
3.62,14.0,50.76,1
0.58,3.08,1.78,1
0.22,1.25,0.28,1
3.58,15.05,53.9,0
0.1,0.52,0.05,1
1.83,7.12,13.0,1
4.15,16.01,66.4,0
4.16,15.7,65.36,1
4.32,17.11,73.97,1
3.59,13.82,49.6,1
4.09,16.19,66.29,0
4.2,16.71,70.14,1
3.55,13.83,49.12,1
0.1,0.78,0.08,1
1.26,3.99,5.04,0
0.78,2.54,1.99,1
3.46,13.82,47.83,1
1.56,7.05,10.97,1
0.5,0.5,0.25,0
3.77,13.87,52.31,0
2.81,10.69,30.01,1
2.55,9.0,22.99,1
0.1,0.5,0.05,0
0.18,1.05,0.19,0
1.26,6.06,7.64,1
1.14,2.71,3.1,1
4.36,16.42,71.58,1
0.1,0.75,0.08,1
2.6,10.52,27.39,1
0.1,0.64,0.06,0
3.93,16.34,64.22,1
0.94,3.61,3.41,0
0.87,4.36,3.79,0
4.22,15.52,65.52,1
0.88,3.4,3.01,1
0.54,1.09,0.59,0
3.51,14.05,49.29,1
0.18,0.58,0.1,1
1.51,6.03,9.12,1
3.03,11.26,34.12,1
0.62,2.83,1.76,1
3.84,14.9,57.19,1
0.81,2.3,1.87,1
2.86,10.12,28.96,1
3.13,11.87,37.15,1
0.1,0.91,0.09,0
3.38,14.34,48.46,0
0.7,2.91,2.04,1
3.55,14.29,50.7,1
3.8,13.16,50.07,1
0.75,4.45,3.33,0
2.7,10.74,29.0,0
0.37,1.37,0.51,1
0.1,0.5,0.05,0
1.03,3.02,3.1,0
3.94,14.31,56.36,1
0.3,2.68,0.81,0
0.21,0.5,0.11,1
3.91,14.06,55.01,1
3.12,11.3,35.29,1
0.1,0.5,0.05,1
0.45,1.73,0.78,0
0.73,3.63,2.64,1
3.21,11.7,37.52,1
1.09,3.05,3.33,1
3.93,15.18,59.72,1
0.87,3.24,2.81,1
1.15,5.19,5.98,1
1.37,4.84,6.64,1
3.13,11.69,36.61,1
1.67,6.21,10.36,0
0.64,2.5,1.6,1
3.59,13.32,47.76,1
3.5,12.87,45.08,0
4.04,13.87,56.05,0
0.1,0.5,0.05,1
1.76,7.26,12.78,0
0.99,4.45,4.41,0
0.1,0.5,0.05,0
2.25,9.59,21.6,0
0.51,1.9,0.96,0
0.42,0.52,0.22,1
0.1,0.5,0.05,0
3.11,12.78,39.73,0
0.96,3.36,3.23,0
1.59,5.09,8.12,0
0.92,1.68,1.54,1
0.19,0.5,0.1,0
3.69,14.34,52.87,1
2.1,7.44,15.64,0
0.9,2.58,2.32,1
3.46,12.72,44.06,1
1.02,4.85,4.93,1
1.07,2.96,3.17,1
1.95,6.89,13.42,1
3.44,14.05,48.4,1
4.32,16.81,72.59,1
4.02,15.42,62.03,1
1.2,4.05,4.86,0
0.83,3.17,2.62,1
0.87,2.86,2.48,1
1.33,4.37,5.82,1
0.26,0.5,0.13,1
0.16,1.22,0.19,1
1.89,7.13,13.47,0
3.21,12.45,39.95,0
3.41,13.08,44.59,1
0.27,1.37,0.37,1
2.39,8.87,21.17,1
0.1,0.5,0.05,1
1.0,3.15,3.16,1
0.49,0.75,0.37,1
2.43,8.34,20.29,1
3.25,12.04,39.07,1
0.1,0.5,0.05,1
2.71,9.18,24.84,1
0.1,1.21,0.12,1
3.15,12.14,38.19,1
1.19,4.16,4.95,1
3.38,14.68,49.66,1
3.17,10.74,34.07,1
4.19,16.71,70.03,1
3.14,11.84,37.17,1
1.28,5.48,7.01,0
0.23,0.97,0.22,1
0.72,1.23,0.89,1
3.94,15.03,59.16,1
0.64,2.7,1.73,0
1.1,2.44,2.69,1
1.79,8.37,14.99,0
0.99,4.0,3.95,1
0.1,0.92,0.09,0
1.26,3.87,4.9,1
4.21,16.55,69.68,1
0.24,1.8,0.44,0
0.47,1.97,0.92,1
3.17,12.05,38.25,1
0.85,2.51,2.12,1
2.98,11.15,33.2,0
3.13,11.5,36.06,1
1.17,4.89,5.7,0
0.74,2.12,1.56,1
0.31,1.64,0.51,0
2.89,10.33,29.89,1
0.67,2.33,1.55,1
0.15,1.07,0.16,0
0.1,0.5,0.05,1
0.1,0.9,0.09,0
1.11,4.65,5.16,0
3.02,11.28,34.1,1
0.61,3.26,1.99,0
4.09,15.62,63.92,1
0.1,1.26,0.13,0
0.1,1.81,0.18,1
0.7,2.46,1.72,0
3.16,12.54,39.67,1
0.1,0.5,0.05,0
0.1,0.5,0.05,1
2.95,11.04,32.51,1
0.98,2.63,2.58,1
3.49,12.5,43.58,1
2.52,10.06,25.4,0
1.64,5.84,9.59,1
4.11,16.18,66.44,0
0.36,1.62,0.59,1
0.1,1.86,0.19,0
0.1,0.8,0.08,0
2.67,11.04,29.5,1
2.91,11.39,33.2,1
1.22,4.87,5.93,0
1.93,8.25,15.88,1
3.04,12.1,36.8,1
0.64,2.6,1.66,0
0.1,0.54,0.05,0
1.23,5.09,6.25,0
3.33,12.11,40.3,1
0.1,0.5,0.05,0
3.38,13.97,47.14,1
5.91,23.95,141.57,0
0.95,2.86,2.71,1
0.66,1.96,1.29,0
0.79,3.92,3.11,1
1.26,5.23,6.62,0
3.78,14.91,56.41,1
1.42,6.12,8.69,0
3.8,14.23,54.02,1
1.04,4.21,4.36,1
2.99,11.58,34.68,1
1.53,5.13,7.85,0
1.48,5.89,8.75,1
0.1,1.37,0.14,1
0.57,1.89,1.07,1
3.11,11.93,37.08,1
0.1,0.55,0.05,1
2.74,10.17,27.84,1
1.78,7.29,12.95,1
1.04,3.42,3.57,1
4.07,16.52,67.19,0
4.23,16.58,70.17,0
2.85,10.09,28.8,1
1.7,7.81,13.25,0
1.34,5.21,6.96,1
4.18,15.29,63.82,1
3.22,13.12,42.22,1
2.55,10.07,25.64,1
4.47,15.55,69.43,1
1.79,6.39,11.47,0
0.82,3.34,2.74,0
0.35,0.5,0.17,0
3.65,13.95,50.95,1
3.2,12.28,39.29,1
3.81,13.55,51.69,0
1.05,4.21,4.42,1
0.28,1.09,0.31,1
1.04,2.98,3.09,1
0.31,1.93,0.61,0
5.07,19.93,101.06,0
1.42,5.16,7.32,0
0.54,1.9,1.03,0
0.1,0.96,0.1,0
3.71,13.94,51.7,0
3.76,12.73,47.81,1
0.58,2.61,1.53,1
0.3,0.5,0.15,1
1.36,4.85,6.58,0
0.86,4.45,3.84,1
3.59,13.54,48.61,0
0.1,0.5,0.05,0
0.1,0.79,0.08,1
0.1,0.78,0.08,0
1.13,3.57,4.04,0
0.42,1.56,0.66,1
0.52,2.01,1.05,1
4.09,15.76,64.48,1
4.52,17.4,78.65,1
1.01,5.89,5.92,1
0.78,2.01,1.56,1
0.46,2.53,1.16,0
0.98,4.69,4.61,0
3.65,14.28,52.17,1
0.13,0.5,0.06,0
0.22,2.17,0.48,0
4.37,14.85,64.85,0
3.39,12.32,41.73,1
1.0,4.75,4.77,1
1.35,4.82,6.48,0
4.05,16.67,67.5,1
4.34,15.28,66.32,0
3.86,13.78,53.17,1
0.62,1.95,1.21,1
1.97,7.84,15.48,0
1.15,4.21,4.85,1
1.44,5.07,7.29,1
3.33,13.8,45.99,0
0.1,1.59,0.16,1
3.73,13.86,51.74,1
1.26,3.43,4.34,0
0.78,1.22,0.95,0
1.11,4.42,4.93,1
3.79,14.92,56.5,1
0.39,1.52,0.59,1
3.68,13.91,51.16,1
0.1,0.5,0.05,0
2.66,10.64,28.3,1
0.88,4.7,4.15,0
0.1,0.5,0.05,0
0.28,1.02,0.29,1
0.57,1.37,0.78,1
1.06,2.83,2.99,0
1.34,4.18,5.6,1
0.37,1.71,0.63,1
2.66,10.44,27.81,1
0.31,2.34,0.72,1
0.1,0.5,0.05,0
0.1,0.5,0.05,0
4.39,16.49,72.35,1
1.06,2.91,3.08,0
4.62,16.6,76.75,1
3.22,12.72,41.02,1
1.35,5.29,7.14,1
1.0,4.26,4.25,1
0.54,1.78,0.97,1
0.89,4.03,3.6,1
4.11,15.29,62.84,1
1.77,7.6,13.42,1
0.1,0.66,0.07,1
4.12,15.48,63.77,0
4.09,15.71,64.24,1
2.56,9.7,24.8,1
1.03,5.19,5.35,1
3.82,14.72,56.23,0
0.65,2.47,1.61,1
0.26,0.81,0.21,0
1.42,6.07,8.62,0
2.0,8.18,16.39,0
3.32,12.4,41.21,1
3.8,13.53,51.45,0
1.27,4.1,5.2,1
0.54,1.92,1.05,1
3.65,14.94,54.49,0
3.6,13.49,48.62,1
3.22,11.75,37.83,1
0.1,0.5,0.05,0
2.68,11.38,30.45,1
4.64,18.09,84.0,1
3.58,14.23,50.92,1
3.3,13.3,43.88,0
4.07,15.35,62.53,1
1.75,6.72,11.77,0
3.38,14.03,47.38,1
0.23,1.02,0.23,1
0.4,1.98,0.79,0
0.1,1.08,0.11,1
0.88,3.87,3.41,1
0.81,2.97,2.4,1
0.71,2.68,1.92,0
0.93,4.16,3.88,1
0.74,3.41,2.51,0
0.79,3.93,3.09,0
2.79,11.03,30.73,1
0.1,0.86,0.09,1
1.65,5.9,9.73,1
3.33,12.21,40.7,1
3.13,12.5,39.08,0
3.34,12.22,40.75,1
3.37,12.8,43.16,1
3.58,14.72,52.75,1
3.76,15.26,57.32,1
0.42,1.85,0.78,1
0.68,2.34,1.58,1
2.76,10.4,28.74,1
3.38,13.52,45.65,1
0.1,0.5,0.05,0
4.08,15.07,61.53,1
1.47,6.55,9.62,0
0.96,3.77,3.6,0
0.65,2.0,1.29,0
2.65,10.44,27.6,0
1.96,8.22,16.11,0
0.81,2.29,1.86,1
3.4,12.77,43.43,1
0.16,0.5,0.08,0
1.59,6.42,10.24,1
0.36,1.86,0.67,1
3.19,11.68,37.28,1
0.38,0.5,0.19,0
3.57,14.39,51.35,1
3.68,13.08,48.12,1
0.74,3.03,2.24,0
0.14,0.5,0.07,0
2.85,10.96,31.25,1
1.62,7.46,12.05,1
4.19,18.36,76.93,1
3.34,11.39,38.05,1
1.03,4.71,4.87,1
3.3,12.43,41.05,1
3.31,13.43,44.48,0
0.36,2.13,0.77,1
4.26,17.32,73.81,0
0.1,0.61,0.06,0
1.16,3.71,4.31,1
0.37,2.16,0.81,0
1.63,6.29,10.25,1
0.1,0.5,0.05,1
0.56,1.75,0.98,0
4.32,17.22,74.43,1
2.42,10.48,25.36,1
3.0,10.46,31.43,0
3.95,15.5,61.23,0
2.55,9.4,24.01,0
3.87,13.54,52.45,1
2.75,10.56,29.01,0
0.97,3.01,2.91,1
1.77,5.47,9.68,1
3.3,11.9,39.25,1
1.64,5.41,8.88,0
1.02,3.37,3.44,0
0.1,0.5,0.05,0
0.35,1.01,0.35,1
3.07,11.08,33.98,1
1.94,7.69,14.94,1
3.3,13.0,42.87,1
0.79,3.2,2.52,1
1.1,4.01,4.42,0
0.51,1.74,0.89,1
1.0,3.15,3.16,1
1.09,3.48,3.78,1
1.06,4.59,4.86,0
0.77,1.53,1.19,1
0.73,2.72,2.0,0
0.54,1.81,0.99,1
4.05,15.86,64.16,1
1.13,3.15,3.56,0
3.26,12.39,40.34,1
0.67,2.83,1.9,0
0.1,0.5,0.05,0
0.67,1.7,1.15,0
1.34,5.0,6.69,1
4.44,17.27,76.64,1
4.21,16.14,67.93,1
3.82,14.97,57.18,1
0.25,0.5,0.12,0
0.1,0.5,0.05,0
0.62,2.42,1.5,0
0.85,2.24,1.9,1
0.84,2.5,2.1,1
0.1,1.13,0.11,1
1.59,6.18,9.81,0
0.1,0.5,0.05,1
1.21,4.04,4.9,0
2.48,9.91,24.54,1
2.5,9.69,24.26,1
0.1,0.5,0.05,0
0.1,0.5,0.05,0
1.79,8.32,14.9,0
2.33,7.86,18.27,1
2.83,11.18,31.63,1
2.16,9.4,20.28,0
5.25,20.08,105.52,0
3.56,13.04,46.41,1
2.77,9.37,25.93,1
0.1,0.5,0.05,0
1.14,4.62,5.24,0
4.78,19.33,92.4,1
4.03,15.0,60.48,1
0.77,2.49,1.93,0
0.7,3.23,2.27,0
4.45,16.34,72.66,1
0.28,1.28,0.36,1
3.48,13.25,46.09,0
2.17,7.93,17.23,1
0.72,2.73,1.97,0
3.85,16.06,61.91,1
1.69,6.92,11.72,1
1.76,7.57,13.34,1
3.8,13.7,52.04,1
2.74,11.31,31.03,1
0.25,1.45,0.36,0
0.26,0.5,0.13,1
4.67,18.18,84.95,0
1.42,4.98,7.05,1
6.39,23.05,147.33,1
2.65,10.18,26.99,0
1.04,4.37,4.52,1
1.37,5.33,7.3,1
1.01,3.73,3.75,1
3.45,12.85,44.31,1
2.85,12.79,36.41,1
3.7,13.11,48.49,1
1.55,6.59,10.22,1
0.1,0.5,0.05,0
6.65,24.59,163.54,1
1.87,7.06,13.18,0
2.91,9.93,28.86,0
4.12,15.17,62.45,1
1.13,4.27,4.85,0
2.48,8.19,20.32,1
1.55,6.29,9.74,1
3.31,11.79,38.98,0
4.16,14.65,60.97,0
1.2,3.69,4.42,1
3.91,16.62,65.04,1
1.1,2.59,2.85,0
3.76,14.62,54.93,0
0.58,1.6,0.93,1
4.57,17.1,78.21,1
0.1,0.86,0.09,1
1.46,6.0,8.77,0
4.74,17.48,82.88,0
2.95,10.12,29.86,1
4.71,18.41,86.75,0
0.1,0.82,0.08,0
4.98,18.69,93.04,1
0.87,3.68,3.22,0
0.97,3.34,3.25,1
2.84,10.13,28.79,1
3.95,15.03,59.43,1
3.01,11.87,35.77,1
1.38,5.5,7.59,0
0.31,1.58,0.49,1
4.25,15.56,66.18,0
3.14,13.21,41.51,1
1.05,3.73,3.93,1
3.96,14.94,59.11,1
0.55,1.05,0.58,0
4.55,17.13,77.94,0
1.19,4.96,5.92,0
0.47,2.39,1.12,0
1.94,8.61,16.67,1
0.72,3.15,2.27,0
3.39,13.09,44.36,1
1.51,5.38,8.11,0
1.84,6.46,11.89,0
1.93,8.11,15.65,1
0.1,1.14,0.11,0
3.76,13.43,50.49,1
4.24,16.71,70.9,1
0.49,2.37,1.16,1
4.69,16.94,79.45,1
1.12,4.67,5.21,0
3.25,11.5,37.34,1
0.98,1.77,1.73,0
1.43,5.3,7.56,1
3.65,14.09,51.52,1
5.88,22.27,131.03,1
0.1,2.67,0.27,0
5.69,21.93,124.76,0
3.37,12.94,43.68,1
0.38,1.8,0.69,1
0.1,0.5,0.05,0
3.02,12.21,36.83,1
2.38,9.33,22.21,1
4.19,16.18,67.8,0
1.18,3.99,4.72,0
0.19,0.5,0.09,0
3.97,14.69,58.33,1
3.18,12.33,39.24,1
2.58,9.44,24.33,1
3.72,14.38,53.51,1
1.11,4.04,4.48,0
2.81,11.03,31.04,1
3.12,11.07,34.51,1
0.1,0.53,0.05,1
0.52,1.45,0.75,0
2.97,10.07,29.94,1
0.8,2.89,2.3,0
0.24,2.15,0.52,1
0.84,2.02,1.69,1
4.44,16.99,75.49,1
3.79,15.05,57.05,1
0.77,4.77,3.68,0
0.13,0.5,0.06,1
4.2,15.46,64.97,0
1.43,4.5,6.44,1
4.06,16.33,66.26,1
0.53,1.32,0.7,0
2.93,10.83,31.74,1
2.4,7.65,18.4,1
0.95,4.3,4.07,0
2.39,10.02,23.95,1
2.7,10.95,29.6,0
0.75,1.57,1.17,1
3.16,12.51,39.57,1
1.64,4.91,8.08,0
3.82,14.57,55.7,1
3.18,12.24,38.92,1
3.53,13.64,48.1,1
0.23,1.31,0.3,1
0.69,2.6,1.78,0
3.58,12.03,43.07,1
4.25,16.57,70.39,0
0.73,2.84,2.06,1
2.95,10.49,30.93,1
0.1,0.5,0.05,0
1.68,7.61,12.75,1
2.51,10.52,26.38,1
1.78,7.33,13.07,0
0.36,0.81,0.29,0
3.32,10.6,35.16,1
4.25,16.76,71.18,0
4.26,16.5,70.37,1
4.28,15.97,68.38,0
0.53,2.93,1.57,1
1.39,5.96,8.28,1
0.8,3.16,2.51,0
3.55,13.53,48.06,1
3.38,12.88,43.52,0
1.17,5.0,5.86,0
1.1,3.49,3.84,1
0.57,2.52,1.44,0
3.65,13.13,47.92,0
3.78,15.43,58.33,1
2.9,11.46,33.27,1
0.47,1.25,0.59,0
5.06,19.29,97.56,0
2.57,9.09,23.39,1
2.11,9.21,19.42,0
4.94,20.07,99.19,1
0.14,1.08,0.15,0
4.4,17.97,79.05,0
1.69,6.55,11.08,1
3.39,13.49,45.72,1
3.61,14.7,53.05,1
3.46,13.13,45.4,1
3.84,14.65,56.24,1
1.08,4.85,5.23,1
0.1,0.9,0.09,0
4.16,15.22,63.35,1
3.53,11.65,41.08,1
2.69,10.07,27.05,0
1.31,3.32,4.36,1
4.19,15.12,63.31,1
3.66,13.21,48.37,0
0.79,2.56,2.03,0
4.82,18.99,91.63,1
3.22,13.08,42.19,1
0.1,0.79,0.08,1
1.01,4.33,4.35,1
3.56,14.06,50.06,1
3.84,12.61,48.45,1
3.16,12.02,38.0,1
4.82,16.87,81.3,1
0.1,0.79,0.08,1
3.4,11.24,38.22,1
4.65,17.54,81.67,1
3.93,15.38,60.44,1
0.95,2.71,2.57,1
0.1,1.15,0.11,0
1.11,4.62,5.13,1
0.28,1.39,0.39,1
1.28,5.43,6.95,1
4.67,17.46,81.54,1
3.97,15.22,60.45,1
3.46,13.17,45.61,0
3.66,13.88,50.74,1
0.91,2.91,2.64,1
2.54,8.66,21.99,1
0.67,2.28,1.54,1
1.58,5.68,8.97,1
3.27,11.84,38.7,1
1.9,7.9,15.02,0
1.13,3.37,3.82,1
0.67,2.4,1.6,1
3.32,13.54,44.91,1
3.18,12.82,40.79,1
0.1,1.35,0.14,0
4.05,14.93,60.55,1
1.35,5.76,7.79,1
3.31,11.73,38.82,1
3.93,14.7,57.75,1
2.86,10.74,30.76,1
3.01,10.96,32.95,1
4.11,15.34,63.08,0
0.43,1.26,0.55,1
1.29,4.11,5.3,1
3.85,15.3,58.81,1
0.7,2.52,1.77,1
3.02,11.63,35.09,1
0.11,0.56,0.06,0
0.12,0.5,0.06,1
3.86,14.76,57.05,1
3.4,12.69,43.17,1
3.5,14.45,50.6,1
3.09,12.36,38.22,1
2.76,10.5,28.97,1
0.1,0.5,0.05,0
2.13,8.01,17.07,1
1.42,5.72,8.11,0
3.28,13.65,44.74,1
3.72,13.05,48.61,1
3.13,12.42,38.85,1
3.25,13.26,43.1,1
3.47,12.01,41.73,1
0.1,0.5,0.05,0
0.1,0.5,0.05,0
2.71,10.64,28.81,1
3.85,14.36,55.33,1
1.41,5.25,7.4,1
3.94,14.63,57.59,0
4.23,16.65,70.42,1
3.25,12.54,40.76,1
1.24,4.88,6.03,0
3.27,12.57,41.14,1
4.05,15.86,64.3,1
1.01,3.61,3.63,0
0.25,2.32,0.58,1
3.18,11.09,35.28,1
4.98,17.53,87.22,1
0.92,2.05,1.89,1
3.76,12.61,47.35,1
0.92,4.02,3.69,0
2.95,11.66,34.45,1
4.02,16.25,65.32,1
4.49,16.22,72.82,1
3.51,13.94,48.98,1
3.0,11.44,34.33,1
3.55,13.64,48.48,1
0.97,4.17,4.03,0
3.82,13.92,53.18,1
0.19,2.81,0.54,1
0.96,4.73,4.55,0
3.84,14.18,54.51,1
3.47,12.3,42.63,1
1.36,5.12,6.98,1
3.33,12.81,42.72,1
4.41,17.6,77.56,0
3.47,12.24,42.45,1
1.33,5.29,7.03,1
0.22,0.5,0.11,1
1.22,4.99,6.08,0
2.67,10.06,26.85,1
1.26,6.34,7.98,1
0.1,0.5,0.05,1
0.94,4.66,4.38,1
0.1,0.5,0.05,0
3.42,11.92,40.75,1
0.25,0.5,0.13,1
1.6,6.3,10.1,1
1.56,4.98,7.77,1
2.82,9.62,27.11,1
3.88,14.89,57.73,1
3.06,11.98,36.62,0
0.17,0.66,0.11,1
3.52,13.24,46.6,1
4.1,17.06,70.01,0
0.47,1.9,0.89,1
3.17,12.69,40.19,1
0.98,3.84,3.77,0
0.62,1.47,0.91,0
3.3,13.0,42.94,1
0.72,2.2,1.58,0
3.26,12.3,40.03,1
2.57,10.01,25.73,1
3.06,10.09,30.91,1
1.23,3.37,4.13,0
2.88,11.69,33.72,1
2.6,9.35,24.31,1
0.88,2.86,2.52,1
0.54,2.17,1.16,1
0.64,2.13,1.37,0
4.64,17.98,83.53,1
1.62,6.11,9.89,0
0.1,0.54,0.05,0
2.14,7.57,16.21,1
3.03,11.67,35.35,1
3.41,13.83,47.12,1
5.09,18.88,96.07,0
3.18,12.82,40.78,1
1.41,5.3,7.45,1
1.82,7.5,13.63,1
1.93,7.46,14.43,0
3.69,14.0,51.67,0
0.22,1.11,0.24,1
0.79,3.96,3.12,0
2.77,10.72,29.71,1
4.18,16.27,68.01,1
0.33,0.95,0.31,1
3.97,16.35,64.91,1
0.79,3.5,2.75,1
3.11,11.88,36.94,1
2.77,10.43,28.92,1
4.07,16.25,66.13,0
0.35,0.84,0.29,1
3.92,13.47,52.77,1
0.58,2.27,1.33,0
3.31,13.52,44.69,0
0.1,1.65,0.17,0
1.14,4.26,4.88,0
3.14,11.95,37.48,1
3.6,14.11,50.82,1
3.84,14.37,55.13,1
2.91,11.45,33.28,1
4.07,15.38,62.51,1
3.74,15.03,56.22,1
0.84,3.77,3.16,0
4.01,15.88,63.63,1
2.94,11.01,32.4,1
1.05,5.52,5.78,1
0.66,2.89,1.91,0
3.41,13.14,44.74,1
3.24,11.68,37.8,1
0.56,2.06,1.15,1
0.21,0.9,0.19,0
1.32,4.38,5.78,1
3.61,13.5,48.76,1
0.99,3.62,3.57,0
3.35,12.76,42.71,1
2.7,8.85,23.87,1
1.48,5.51,8.16,0
0.24,0.6,0.14,1
0.38,1.43,0.54,0
0.62,3.19,1.99,1
3.58,15.25,54.59,1
3.95,15.55,61.44,1
0.1,0.5,0.05,0
3.97,14.82,58.86,1
0.1,0.86,0.09,0
1.0,4.17,4.15,1
2.52,10.35,26.03,1
3.84,14.53,55.85,1
3.02,11.19,33.82,1
0.73,4.18,3.05,0
3.11,11.86,36.89,1
3.11,11.01,34.24,1
3.47,14.38,49.96,1
4.42,15.59,68.9,1
1.2,1.77,2.12,1
3.41,13.58,46.34,1
2.43,9.97,24.24,1
4.01,15.56,62.34,0
0.1,0.5,0.05,0
1.63,6.15,10.02,0
3.59,13.44,48.29,1
2.43,8.82,21.45,1
2.29,9.82,22.44,1
0.73,1.95,1.43,1
0.1,0.63,0.06,0
3.2,13.12,42.01,1
1.59,6.34,10.07,0
3.15,12.94,40.71,1
0.11,0.88,0.1,0
2.92,11.44,33.39,1
2.62,10.25,26.84,1
2.91,11.54,33.57,1
1.19,4.2,4.99,1
1.52,4.73,7.19,0
3.51,14.12,49.62,1
0.94,4.5,4.22,1
3.02,11.66,35.16,1
0.1,0.5,0.05,1
1.54,4.62,7.13,0
0.43,1.71,0.74,1
4.32,15.35,66.38,1
3.27,11.23,36.68,1
3.45,13.09,45.14,1
2.73,9.77,26.7,1
0.33,1.54,0.51,1
1.2,4.42,5.28,0
3.48,12.72,44.23,0
3.82,13.15,50.26,1
3.44,12.39,42.63,1
0.5,1.26,0.63,0
1.59,5.05,8.02,0
0.48,1.55,0.74,1
3.98,14.19,56.45,1
2.83,10.62,30.02,1
0.77,3.13,2.42,1
0.17,0.5,0.08,1
1.16,4.74,5.49,0
0.64,1.36,0.88,1
0.1,0.5,0.05,1
3.69,13.91,51.27,1
3.48,13.76,47.82,1
3.15,12.65,39.82,1
3.88,16.02,62.07,1
1.96,7.16,14.08,1
3.89,14.68,57.14,1
3.69,13.19,48.64,1
0.26,0.5,0.13,0
0.58,2.4,1.4,0
0.36,0.77,0.28,0
0.1,1.37,0.14,1
0.13,0.5,0.07,0
0.69,3.01,2.08,1
3.59,12.86,46.22,1
0.1,0.5,0.05,1
2.68,10.63,28.51,1
0.74,2.29,1.7,1
1.86,6.64,12.34,1
0.84,2.56,2.16,1
0.82,4.54,3.72,0
1.9,6.71,12.73,1
0.81,3.1,2.5,1
0.62,2.19,1.35,1
0.1,0.56,0.06,1
0.32,0.72,0.23,1
0.74,2.64,1.95,1
0.1,0.7,0.07,1
0.69,1.94,1.35,0
0.2,1.62,0.32,1
1.32,5.97,7.89,1
0.38,1.92,0.73,0
4.77,18.18,86.66,0
4.46,14.57,65.04,1
2.18,8.61,18.76,1
0.21,0.5,0.1,1
0.86,3.06,2.62,1
0.85,1.7,1.43,0
4.31,16.79,72.44,1
2.12,6.89,14.61,1
2.94,11.27,33.14,1
1.08,4.84,5.25,0
1.63,5.8,9.43,0
0.1,1.35,0.14,1
0.95,3.0,2.85,1
3.85,15.1,58.08,1
3.92,13.87,54.4,1
4.33,17.29,74.91,1
0.53,2.71,1.44,0
2.79,10.96,30.52,1
3.85,14.3,55.0,1
3.59,12.51,44.88,1
3.56,13.2,46.95,1
2.3,9.62,22.09,0
4.24,16.22,68.79,0
0.96,2.4,2.3,1
3.58,12.71,45.49,0
1.78,7.76,13.81,1
4.38,17.02,74.47,1
0.38,0.5,0.19,0
0.96,2.25,2.17,1
0.1,0.5,0.05,1
3.64,12.37,45.08,1
3.07,11.55,35.46,1
3.45,15.07,52.01,0
4.33,15.18,65.72,1
0.57,2.02,1.15,0
3.19,13.18,42.08,1
0.88,3.96,3.49,0
3.49,13.13,45.77,1
1.77,6.6,11.67,1
1.08,3.19,3.46,0
1.83,6.75,12.36,0
0.59,2.45,1.46,0
3.17,12.94,41.05,1
0.77,2.44,1.89,1
0.26,0.85,0.23,0
2.87,10.16,29.2,1
0.12,0.62,0.07,1
3.27,13.05,42.67,0
3.63,14.31,51.96,0
5.81,21.14,122.83,0
0.9,3.53,3.17,1
0.59,1.68,0.99,1
3.78,15.18,57.44,1
0.1,0.5,0.05,0
1.22,3.41,4.16,1
2.36,8.77,20.66,1
0.1,0.75,0.07,0
0.1,0.58,0.06,1
0.95,3.21,3.07,1
4.0,14.73,58.93,1
3.57,12.78,45.64,1
0.26,0.67,0.17,0
2.74,9.74,26.7,0
3.36,13.53,45.39,1
1.22,3.91,4.77,1
0.16,0.72,0.12,0
0.63,2.44,1.53,1
3.18,12.84,40.8,1
2.94,12.03,35.33,0
3.63,14.36,52.13,1
4.63,17.87,82.74,0
0.1,0.5,0.05,0
0.32,0.5,0.16,0
0.13,0.5,0.07,1
0.7,3.27,2.3,1
3.19,12.17,38.77,1
3.37,13.5,45.49,0
1.06,4.83,5.13,1
3.46,12.56,43.4,1
3.28,12.5,41.02,1
1.77,6.72,11.91,1
0.1,0.5,0.05,0
0.34,0.87,0.3,1
3.74,15.17,56.77,1
4.2,16.02,67.32,0
3.48,13.25,46.14,1
0.54,1.39,0.74,0
1.32,5.55,7.33,1
3.32,11.79,39.09,1
0.1,0.74,0.07,1
2.0,7.98,15.93,1
3.14,11.59,36.33,1
0.99,4.02,3.99,0
2.04,7.89,16.09,0
1.38,5.2,7.16,0
0.65,2.49,1.62,1
0.47,1.84,0.87,0
0.1,0.5,0.05,1
0.1,0.5,0.05,1
3.37,11.94,40.26,1
0.1,0.5,0.05,0
3.53,13.62,48.03,1
4.18,15.96,66.67,1
1.46,6.3,9.18,1
1.33,5.57,7.42,1
3.46,12.44,43.0,1
0.26,0.87,0.23,0
4.89,18.32,89.53,0
2.86,10.87,31.09,1
0.92,3.51,3.24,1
0.67,3.03,2.02,1
0.1,0.52,0.05,0
3.97,16.07,63.83,1
1.59,6.22,9.88,1
3.78,13.7,51.76,1
1.22,4.26,5.21,0
0.49,2.36,1.17,1
0.85,1.95,1.66,1
0.64,1.37,0.88,1
0.1,0.5,0.05,0
4.04,16.12,65.13,1
4.26,17.23,73.4,1
1.62,5.98,9.67,0
1.27,5.69,7.26,0
1.68,6.43,10.8,0
0.9,2.2,1.98,1
3.73,14.19,52.98,1
0.18,0.5,0.09,0
0.69,3.37,2.34,1
3.52,13.36,47.02,1
3.53,12.4,43.77,1
1.75,5.44,9.51,1
4.34,16.48,71.58,1
3.33,10.7,35.61,1
2.87,10.48,30.03,1
0.83,3.33,2.75,1
4.47,16.14,72.17,1
3.49,14.06,49.09,1
0.79,3.94,3.09,1
0.1,0.5,0.05,1
3.96,14.83,58.77,1
0.44,2.49,1.11,0
0.23,0.87,0.2,1
0.1,0.5,0.05,1
3.21,12.08,38.75,1
3.76,13.6,51.1,1
4.25,17.04,72.47,1
0.3,1.61,0.48,0
0.19,0.5,0.1,0
2.34,9.01,21.1,1
0.52,0.92,0.48,1
0.74,2.19,1.61,1
0.47,3.05,1.45,0
0.88,3.38,2.96,1
0.91,4.21,3.83,0
1.76,6.89,12.15,0
6.26,24.83,155.36,1
3.26,10.79,35.16,1
3.52,13.22,46.51,1
4.27,17.55,74.99,1
3.81,15.25,58.12,1
4.26,17.26,73.56,1
3.76,14.27,53.64,1
1.79,6.39,11.46,0
4.24,15.3,64.92,1
5.05,18.31,92.42,1
0.1,1.03,0.1,1
0.67,2.95,1.96,1
0.1,0.5,0.05,0
0.12,0.84,0.1,0
0.28,1.17,0.33,1
0.95,4.38,4.17,0
3.79,15.17,57.5,1
2.09,7.09,14.83,1
4.51,17.35,78.22,1
3.86,13.34,51.53,1
0.85,3.32,2.81,1
0.1,0.86,0.09,1
0.76,1.83,1.38,0
0.89,3.05,2.72,1
3.97,15.09,59.89,1
3.97,15.27,60.58,1
0.16,0.5,0.08,0
0.41,0.64,0.26,1
0.1,0.5,0.05,0
4.27,14.91,63.73,1
1.47,5.39,7.9,1
2.67,9.8,26.16,0
2.31,8.67,20.01,0
0.5,1.47,0.74,1
3.93,13.71,53.85,1
2.81,10.4,29.28,1
1.58,6.73,10.61,0
0.1,1.39,0.14,1
0.8,5.0,4.0,0
1.78,8.12,14.46,1
4.17,14.88,61.99,1
4.47,16.65,74.38,1
0.2,0.75,0.15,0
4.25,16.08,68.32,1
4.38,16.7,73.12,1
0.16,2.53,0.4,0
0.33,0.5,0.17,1
0.98,3.15,3.09,0
0.91,4.77,4.34,1
3.52,12.89,45.39,1
0.1,0.69,0.07,0
0.1,1.21,0.12,1
0.42,1.99,0.84,1
0.4,1.66,0.66,1
0.66,3.25,2.13,0
1.75,5.95,10.42,0
1.47,5.18,7.61,0
0.1,0.81,0.08,0
3.47,11.55,40.12,1
3.33,13.78,45.86,1
1.03,4.15,4.27,1
0.35,1.44,0.5,1
0.64,1.12,0.72,1
0.1,0.5,0.05,1
0.37,1.08,0.4,0
0.21,1.44,0.3,0
1.11,2.55,2.82,1
0.1,1.01,0.1,0
1.74,6.32,11.0,1
0.58,2.04,1.19,1
1.38,5.45,7.54,1
0.24,1.12,0.27,0
3.46,12.57,43.46,1
0.1,0.88,0.09,0
0.92,1.63,1.5,1
2.95,10.86,32.06,0
4.12,15.78,65.04,0
0.97,3.41,3.31,0
3.38,11.37,38.4,1
3.1,12.39,38.43,0
0.82,2.11,1.73,1
2.93,11.07,32.41,1
4.06,15.55,63.12,1
4.62,17.56,81.04,1
4.14,16.66,68.92,1
0.21,0.75,0.16,0
0.1,0.72,0.07,1
1.1,4.14,4.55,1
3.33,13.13,43.65,1
0.4,2.63,1.05,1
1.03,4.04,4.17,1
3.35,13.34,44.64,0
4.62,18.71,86.41,1
5.07,20.34,103.1,1
2.07,7.56,15.67,0
1.92,8.11,15.53,1
1.77,6.92,12.24,0
0.1,1.27,0.13,1
0.17,1.12,0.2,1
1.47,5.8,8.53,1
2.57,10.11,25.99,0
0.63,2.61,1.65,1
2.16,8.44,18.22,0
0.12,0.5,0.06,1
4.25,15.95,67.77,0
2.88,12.34,35.51,1
3.16,12.37,39.04,0
0.1,0.5,0.05,1
0.12,0.5,0.06,1
3.87,15.55,60.14,1
2.59,9.24,23.91,1
0.28,0.5,0.14,0
1.16,3.28,3.81,0
1.14,2.95,3.37,0
4.03,14.28,57.55,1
4.53,16.29,73.84,1
0.49,2.97,1.45,1
0.52,1.95,1.01,1
0.69,2.32,1.59,1
3.86,13.53,52.27,1
0.1,0.5,0.05,1
0.1,0.5,0.05,1
1.05,3.69,3.88,0
4.3,18.0,77.46,1
0.78,3.48,2.7,1
3.67,13.78,50.56,1
3.57,14.14,50.52,0
0.1,0.5,0.05,0
1.44,4.84,6.97,1
1.59,7.42,11.83,0
0.1,0.5,0.05,0
0.47,1.49,0.69,1
0.1,0.62,0.06,1
0.64,1.67,1.06,0
0.21,1.33,0.28,1
0.1,0.5,0.05,0
0.69,3.16,2.18,1
1.7,6.95,11.84,1
0.1,0.5,0.05,1
3.08,13.09,40.37,0
1.02,3.34,3.41,0
1.91,8.35,15.98,1
3.08,12.65,38.99,1
0.12,1.87,0.22,1
0.78,3.12,2.44,1
2.96,10.62,31.46,1
0.2,2.41,0.47,1
3.47,12.92,44.87,0
0.41,0.9,0.36,0
3.71,13.96,51.84,1
3.18,11.31,36.02,1
1.15,4.81,5.55,0
3.89,14.3,55.64,1
1.34,4.86,6.51,1
0.77,3.68,2.82,1
3.36,13.25,44.47,1
1.53,5.83,8.93,1
3.69,14.16,52.22,1
3.9,14.83,57.86,1
0.57,1.84,1.05,1
3.36,12.78,43.02,1
3.24,12.71,41.22,1
1.07,3.96,4.24,1
0.77,3.25,2.5,0
0.24,0.5,0.12,1
2.9,10.53,30.52,1
3.47,12.61,43.82,1
2.81,10.22,28.7,1
1.28,5.91,7.6,1
0.43,2.23,0.96,1
0.1,0.5,0.05,1
0.78,3.31,2.57,0
0.11,0.5,0.05,1
3.82,13.98,53.42,0
1.46,4.37,6.4,0
4.22,16.81,70.94,1
0.29,0.5,0.14,0
3.83,14.51,55.59,1
3.8,13.68,51.97,1
0.8,3.66,2.93,1
1.38,4.96,6.83,0
2.43,9.14,22.23,1
0.58,2.13,1.23,0
2.84,11.02,31.23,1
1.77,6.75,11.97,0
3.61,13.7,49.5,1
0.99,3.33,3.28,1
3.55,12.24,43.5,1
3.18,11.21,35.69,0
0.68,3.17,2.17,1
0.77,2.68,2.06,0
0.46,1.22,0.56,1
0.61,1.18,0.72,0
2.39,7.71,18.44,0
0.1,0.5,0.05,1
0.63,3.09,1.94,1
1.46,5.11,7.47,1
3.29,12.82,42.2,1
2.65,9.59,25.42,0
0.1,0.89,0.09,1
3.29,12.21,40.15,1
4.21,15.03,63.31,1
0.1,0.5,0.05,1
1.31,6.43,8.39,1
0.1,1.81,0.18,1
0.1,0.77,0.08,1
1.37,5.11,7.01,0
3.58,13.83,49.44,1
0.55,2.33,1.27,0
4.12,15.61,64.29,1
2.24,8.87,19.88,1
0.5,2.05,1.02,0
4.37,16.37,71.61,1
0.58,1.25,0.72,0
5.45,20.34,110.84,0
3.56,14.18,50.55,1
0.38,1.4,0.53,0
0.64,2.68,1.72,0
3.78,14.15,53.52,1
0.37,0.55,0.2,0
1.2,4.36,5.23,0
0.43,0.8,0.34,0
1.09,3.26,3.54,0
0.1,1.34,0.13,1
0.39,1.16,0.45,1
3.7,13.45,49.73,1
0.41,2.85,1.16,1
0.74,3.48,2.59,1
0.62,2.05,1.27,1
0.1,0.72,0.07,1
3.82,14.34,54.81,1
0.1,0.5,0.05,1
3.37,13.19,44.46,1
0.14,0.5,0.07,1
4.05,15.44,62.48,1
3.01,12.25,36.85,1
3.79,15.11,57.21,1
3.69,13.57,50.04,1
3.13,12.27,38.36,1
0.34,0.5,0.17,1
2.24,8.88,19.92,1
0.96,3.75,3.58,0
0.76,3.21,2.45,1
1.1,3.95,4.35,1
0.29,2.77,0.8,1
0.57,1.44,0.82,0
1.78,7.54,13.41,1
1.34,4.27,5.73,1
4.26,16.6,70.72,1
2.72,10.8,29.4,1
0.98,3.78,3.72,1
0.75,2.46,1.84,1
0.16,0.71,0.11,1
3.15,12.18,38.38,1
3.78,15.78,59.62,1
0.11,0.5,0.05,0
3.59,13.18,47.25,1
2.87,11.13,31.93,1
0.1,0.5,0.05,0
4.03,15.24,61.43,1
4.03,16.17,65.16,0
3.6,11.43,41.17,1
0.1,0.5,0.05,1
3.26,10.98,35.76,0
2.46,8.39,20.65,0
3.62,15.68,56.78,1
3.04,12.04,36.65,1
0.34,2.05,0.7,0
0.6,2.2,1.31,0
0.56,2.73,1.52,0
3.22,10.81,34.78,1
5.27,20.87,110.06,0
2.61,9.28,24.24,0
3.35,12.32,41.3,1
0.16,1.03,0.17,1
1.01,4.09,4.13,1
3.39,12.96,43.96,1
0.1,0.5,0.05,0
2.85,10.92,31.13,1
3.15,12.75,40.21,1
0.5,1.46,0.73,1
0.1,1.43,0.14,0
2.87,10.21,29.29,1
3.41,12.98,44.33,1
3.66,15.12,55.3,1
0.78,2.43,1.9,0
3.97,15.92,63.13,1
0.1,1.96,0.2,0
0.63,2.52,1.58,0
